"","X","X.1","uuid","mylga","mylga_state","mylga_zone","X_lga_id","photo","unique_lga","X_id","formhub_photo_id","gps","facility_name","facility_type","maternal_health_delivery_services_24_7","facility_open_247_yn","essential_meds_stockout","emergency_transport_currently_functioning","skilled_birth_attendant","num_chews_and_chos","power_access_and_functional","comprehensive_obstetrics_yn","num_chews_total","num_nurses_fulltime","num_nursemidwives_fulltime","num_doctors_fulltime","num_lab_techs_fulltime","staff_paid_lastmth_yn","sulpha_and_antenatal","has_itns","medication_iron_tablets","medication_folic_acid","scale_yn","equipment_bp_machine","hiv_tx_srvcs_pmtct_services_calc","lab_tests_hemoglobin_testing_calc","lab_tests_urine_testing_calc","mobile_signal_funct_yn","iv_antibiotics_yn_calc","emoc_vacuum_extractor","emoc_forceps","compr_oc_c_sections","uterotonics_yn_calc","antishock_garment_yn","emoc_parenteral_anticonvulsant","at_least_two_skilled_birth_attendants","at_least_three_skilled_birth_attendants","at_least_four_skilled_birth_attendants","compr_oc_blood_transfusions","condoms_yn","family_planning_pill_calc_calc","family_planning_injectables_calc_calc","family_planning_iud_calc","family_planning_implants_calc","sterilization_yn_calc","child_health_growth_monitor","child_health_measles_immun_calc","child_health_opv_immuization_calc","child_health_dpt_immunization_calc","child_health_tetanus_immun_calc","child_health_hepb_immunization_calc","child_health_bcg_immunization_calc","child_health_yellow_fever_immun_calc","child_health_csm_immunization_calc","vaccines_icepack_calc","equipment_refrigerator","malaria_testing","malaria_treatment_artemisinin","malaria_treatment_sulphadoxine","paid_services_malaria_treatment","medication_anti_malarials","oral_antibiotics_calc","medication_antihistamines","medication_iv_fluid","lab_tests_pregnancy_calc","lab_tests_stool_calc","potable_water_access","improved_sanitation_and_functional","lab_tests_tb_microscopy_calc","tb_treatment_yn","lab_tests_hiv_testing_calc","hiv_treatment_yn","health_no_user_fees","iv_medications_yn","inpatient_care_yn","sector"
"1",18888,18888,"e58c1370-4043-478c-bab9-cb13cab6e6f0","udenu","enugu","southeast",715,"1339764943424.jpg","enugu_udenu","e58c1370-4043-478c-bab9-cb13cab6e6f0","1339764943424.jpg","6.87945452 7.50759897 423.0 5.0","Ozalla Ezimo Health Centre","primaryhealthcarecentre",FALSE,FALSE,TRUE,TRUE,TRUE,3,TRUE,FALSE,3,0,2,0,0,TRUE,TRUE,FALSE,TRUE,TRUE,FALSE,FALSE,FALSE,TRUE,TRUE,FALSE,TRUE,FALSE,FALSE,FALSE,TRUE,FALSE,TRUE,TRUE,FALSE,FALSE,NA,TRUE,TRUE,TRUE,FALSE,FALSE,FALSE,FALSE,TRUE,TRUE,TRUE,TRUE,TRUE,TRUE,TRUE,FALSE,NA,NA,FALSE,TRUE,FALSE,TRUE,TRUE,TRUE,FALSE,TRUE,FALSE,FALSE,NA,TRUE,FALSE,TRUE,FALSE,FALSE,TRUE,TRUE,TRUE,"health"
"2",18889,18889,"0eb6c663-625c-4c1b-9849-fbf81cc53580","udenu","enugu","southeast",715,"1339671648390.jpg","enugu_udenu","0eb6c663-625c-4c1b-9849-fbf81cc53580","1339671648390.jpg","6.91954194 7.53183161 498.1000061035156 5.0","Ogwu Obollo-Afor Healtj Post","healthpostdispensary",FALSE,FALSE,NA,TRUE,FALSE,5,TRUE,FALSE,3,0,0,0,0,TRUE,FALSE,FALSE,FALSE,FALSE,FALSE,FALSE,FALSE,FALSE,FALSE,FALSE,TRUE,TRUE,TRUE,FALSE,FALSE,FALSE,FALSE,FALSE,FALSE,FALSE,NA,FALSE,NA,NA,FALSE,FALSE,NA,FALSE,TRUE,TRUE,TRUE,TRUE,TRUE,TRUE,TRUE,TRUE,NA,NA,FALSE,TRUE,FALSE,TRUE,FALSE,FALSE,FALSE,TRUE,FALSE,FALSE,NA,NA,FALSE,FALSE,FALSE,FALSE,TRUE,TRUE,FALSE,"health"
"3",18890,18890,"039185c9-9eb0-47c6-867d-84a09c8a173f","udenu","enugu","southeast",715,"1339841648798.jpg","enugu_udenu","039185c9-9eb0-47c6-867d-84a09c8a173f","1339841648798.jpg","6.84900665 7.6781421 260.1000061035156 5.0","Okpaligbo Health Post","healthpostdispensary",FALSE,TRUE,TRUE,TRUE,FALSE,4,TRUE,FALSE,4,0,0,0,0,TRUE,TRUE,FALSE,TRUE,TRUE,TRUE,TRUE,FALSE,FALSE,FALSE,FALSE,NA,NA,FALSE,FALSE,FALSE,FALSE,NA,FALSE,FALSE,FALSE,NA,FALSE,NA,NA,FALSE,FALSE,NA,FALSE,TRUE,TRUE,TRUE,TRUE,TRUE,TRUE,TRUE,FALSE,NA,NA,FALSE,TRUE,FALSE,TRUE,TRUE,FALSE,FALSE,FALSE,FALSE,FALSE,FALSE,TRUE,FALSE,FALSE,FALSE,FALSE,TRUE,FALSE,TRUE,"health"
"4",18891,18891,"b5e2f0e8-6e0a-4632-8f20-c5c450b49333","udenu","enugu","southeast",715,"1339845092307.jpg","enugu_udenu","b5e2f0e8-6e0a-4632-8f20-c5c450b49333","1339845092307.jpg","6.86465658 7.65784456 246.10000610351563 5.0","Health Post umuezejor obollo eke","healthpostdispensary",FALSE,TRUE,NA,TRUE,FALSE,3,TRUE,FALSE,3,0,0,0,0,TRUE,FALSE,FALSE,FALSE,TRUE,TRUE,TRUE,FALSE,FALSE,FALSE,FALSE,NA,NA,FALSE,FALSE,FALSE,FALSE,NA,FALSE,FALSE,FALSE,NA,FALSE,NA,NA,FALSE,FALSE,NA,FALSE,TRUE,TRUE,TRUE,TRUE,TRUE,TRUE,TRUE,TRUE,NA,NA,FALSE,TRUE,FALSE,TRUE,FALSE,FALSE,FALSE,FALSE,FALSE,FALSE,TRUE,TRUE,FALSE,FALSE,FALSE,FALSE,TRUE,FALSE,TRUE,"health"
"5",18892,18892,"67d09747-26e4-4043-b8f0-b14f0b0580d7","udenu","enugu","southeast",715,"1340017619462.jpg","enugu_udenu","67d09747-26e4-4043-b8f0-b14f0b0580d7","1340017619462.jpg","6.91004084 7.59799592 300.3999938964844 5.0","Umuitodo Health centre","primaryhealthclinic",FALSE,TRUE,TRUE,TRUE,FALSE,5,FALSE,FALSE,5,0,0,0,0,TRUE,FALSE,FALSE,TRUE,TRUE,FALSE,FALSE,FALSE,FALSE,FALSE,FALSE,TRUE,FALSE,FALSE,FALSE,FALSE,FALSE,FALSE,FALSE,FALSE,FALSE,NA,FALSE,NA,NA,FALSE,FALSE,NA,FALSE,TRUE,TRUE,TRUE,TRUE,TRUE,TRUE,TRUE,FALSE,NA,NA,FALSE,TRUE,TRUE,TRUE,FALSE,TRUE,TRUE,FALSE,FALSE,FALSE,FALSE,NA,FALSE,FALSE,FALSE,FALSE,TRUE,FALSE,FALSE,"health"
"6",18893,18893,"f1a9e833-ca69-4f97-bd17-d42948847744","udenu","enugu","southeast",715,"1339848754155.jpg","enugu_udenu","f1a9e833-ca69-4f97-bd17-d42948847744","1339848754155.jpg","6.86740269 7.64480926 245.3000030517578 5.0","Obollo-Eke Health Center","primaryhealthcarecentre",FALSE,TRUE,NA,TRUE,TRUE,7,TRUE,FALSE,7,0,1,0,1,TRUE,TRUE,FALSE,FALSE,TRUE,TRUE,TRUE,FALSE,FALSE,TRUE,FALSE,NA,NA,FALSE,FALSE,TRUE,FALSE,NA,FALSE,FALSE,FALSE,NA,FALSE,TRUE,TRUE,FALSE,FALSE,FALSE,FALSE,TRUE,TRUE,TRUE,TRUE,TRUE,TRUE,TRUE,FALSE,NA,NA,FALSE,TRUE,FALSE,TRUE,TRUE,TRUE,FALSE,TRUE,FALSE,FALSE,TRUE,TRUE,FALSE,FALSE,TRUE,FALSE,TRUE,TRUE,TRUE,"health"
"7",18894,18894,"6aed51e0-b75f-418a-a70f-85837d0294ae","udenu","enugu","southeast",715,"1340015237152.jpg","enugu_udenu","6aed51e0-b75f-418a-a70f-85837d0294ae","1340015237152.jpg","6.8879007 7.49240271 480.20001220703125 5.0","Igugu Health Centre","primaryhealthclinic",TRUE,TRUE,TRUE,TRUE,TRUE,4,TRUE,FALSE,4,0,1,0,0,TRUE,TRUE,FALSE,TRUE,FALSE,TRUE,TRUE,FALSE,FALSE,FALSE,FALSE,TRUE,FALSE,TRUE,FALSE,TRUE,FALSE,TRUE,FALSE,FALSE,FALSE,NA,FALSE,NA,NA,FALSE,FALSE,NA,FALSE,FALSE,TRUE,FALSE,TRUE,TRUE,TRUE,TRUE,FALSE,NA,NA,FALSE,TRUE,TRUE,TRUE,TRUE,TRUE,TRUE,TRUE,FALSE,FALSE,NA,NA,FALSE,FALSE,FALSE,FALSE,TRUE,TRUE,TRUE,"health"
"8",18895,18895,"716116d1-9efc-4fd2-9083-1d6cda92f8e9","udenu","enugu","southeast",715,"1339751971330.jpg","enugu_udenu","716116d1-9efc-4fd2-9083-1d6cda92f8e9","1339751971330.jpg","6.91020589 7.50194625 490.20001220703125 5.0","SUMMIT HOSPITAL & MATERNITY","wardmodelphccentre",TRUE,TRUE,NA,TRUE,TRUE,4,NA,TRUE,4,0,2,1,2,NA,TRUE,NA,NA,NA,NA,NA,NA,NA,NA,NA,TRUE,TRUE,NA,TRUE,NA,NA,TRUE,TRUE,FALSE,FALSE,TRUE,NA,FALSE,TRUE,NA,NA,TRUE,NA,NA,NA,NA,NA,NA,NA,NA,NA,NA,NA,NA,FALSE,NA,NA,NA,NA,NA,NA,NA,NA,NA,NA,NA,TRUE,NA,NA,NA,NA,TRUE,"health"
"9",18896,18896,"c20a0f73-be62-4da7-baa0-1aab0c8cb92a","udenu","enugu","southeast",715,"1339668892224.jpg","enugu_udenu","c20a0f73-be62-4da7-baa0-1aab0c8cb92a","1339668892224.jpg","6.85025259 7.61583624 234.1999969482422 5.0","Ukwuagba H/C","healthpostdispensary",FALSE,NA,TRUE,TRUE,FALSE,3,TRUE,FALSE,3,0,0,0,0,TRUE,TRUE,FALSE,FALSE,FALSE,TRUE,FALSE,FALSE,FALSE,FALSE,FALSE,TRUE,FALSE,FALSE,FALSE,TRUE,FALSE,FALSE,FALSE,FALSE,FALSE,NA,FALSE,NA,NA,FALSE,FALSE,NA,FALSE,FALSE,FALSE,FALSE,FALSE,FALSE,FALSE,FALSE,FALSE,NA,NA,FALSE,TRUE,TRUE,TRUE,FALSE,TRUE,FALSE,TRUE,FALSE,FALSE,NA,NA,FALSE,FALSE,FALSE,FALSE,TRUE,TRUE,TRUE,"health"
"10",18897,18897,"8e2abf3e-af28-467a-9c4d-4d30263ad195","udenu","enugu","southeast",715,"1339836625500.jpg","enugu_udenu","8e2abf3e-af28-467a-9c4d-4d30263ad195","1339836625500.jpg","6.90404688 7.52224107 516.2000122070313 5.0","Ogbele Health Post","healthpostdispensary",FALSE,FALSE,NA,TRUE,FALSE,3,TRUE,FALSE,3,0,0,0,0,TRUE,TRUE,FALSE,TRUE,TRUE,FALSE,FALSE,FALSE,FALSE,FALSE,FALSE,NA,NA,FALSE,FALSE,FALSE,FALSE,NA,FALSE,FALSE,FALSE,NA,FALSE,NA,NA,FALSE,FALSE,NA,FALSE,TRUE,TRUE,TRUE,TRUE,TRUE,TRUE,TRUE,FALSE,NA,NA,FALSE,TRUE,FALSE,TRUE,FALSE,FALSE,FALSE,FALSE,FALSE,FALSE,NA,NA,FALSE,FALSE,FALSE,FALSE,TRUE,FALSE,FALSE,"health"
"11",18898,18898,"a6f813d8-9a72-4b3f-8e03-d1487930f029","udenu","enugu","southeast",715,"1339767567378.jpg","enugu_udenu","a6f813d8-9a72-4b3f-8e03-d1487930f029","1339767567378.jpg","6.88825555 7.59812595 251.1999969482422 5.0","BASIC HEALTH CENTRE, OBOLLO -ETITI","primaryhealthclinic",TRUE,TRUE,TRUE,TRUE,TRUE,9,TRUE,FALSE,9,0,1,1,1,TRUE,FALSE,TRUE,TRUE,TRUE,FALSE,TRUE,FALSE,FALSE,FALSE,FALSE,TRUE,FALSE,TRUE,FALSE,TRUE,FALSE,TRUE,TRUE,FALSE,FALSE,NA,TRUE,TRUE,TRUE,TRUE,FALSE,FALSE,FALSE,TRUE,TRUE,TRUE,TRUE,TRUE,TRUE,TRUE,FALSE,FALSE,TRUE,FALSE,TRUE,TRUE,TRUE,TRUE,TRUE,FALSE,TRUE,FALSE,FALSE,NA,TRUE,FALSE,FALSE,TRUE,FALSE,TRUE,TRUE,TRUE,"health"
"12",18899,18899,"7db849cd-737d-42e3-9d5b-2a69aa2f84ba","udenu","enugu","southeast",715,"1339678362161.jpg","enugu_udenu","7db849cd-737d-42e3-9d5b-2a69aa2f84ba","1339678362161.jpg","6.86840035 7.57260013 305.0 5.0","Nua Osdai Foundation Hospital","dentalclinic",TRUE,TRUE,NA,TRUE,TRUE,0,NA,FALSE,0,1,0,0,0,NA,NA,NA,NA,NA,NA,NA,NA,NA,NA,NA,NA,NA,NA,FALSE,NA,NA,NA,FALSE,FALSE,FALSE,NA,NA,NA,NA,NA,NA,NA,NA,NA,NA,NA,NA,NA,NA,NA,NA,NA,NA,NA,TRUE,NA,NA,NA,NA,NA,NA,NA,NA,NA,NA,NA,FALSE,NA,NA,NA,NA,TRUE,"health"
"13",18900,18900,"36ec7291-940c-41f1-ba6d-51cc5f41f70f","udenu","enugu","southeast",715,"1340021195114.jpg","enugu_udenu","36ec7291-940c-41f1-ba6d-51cc5f41f70f","1340021195114.jpg","6.89884019 7.62280898 260.79998779296875 5.0","EGUDELE HEALTH POST","healthpostdispensary",FALSE,TRUE,TRUE,TRUE,FALSE,2,FALSE,FALSE,2,0,0,0,0,TRUE,NA,FALSE,TRUE,TRUE,TRUE,FALSE,FALSE,FALSE,TRUE,FALSE,NA,NA,FALSE,FALSE,FALSE,TRUE,NA,FALSE,FALSE,FALSE,NA,FALSE,NA,NA,FALSE,FALSE,NA,FALSE,FALSE,FALSE,FALSE,FALSE,FALSE,FALSE,FALSE,FALSE,NA,NA,FALSE,TRUE,TRUE,TRUE,FALSE,FALSE,FALSE,FALSE,TRUE,FALSE,NA,FALSE,FALSE,TRUE,FALSE,FALSE,TRUE,FALSE,FALSE,"health"
"14",18901,18901,"b414e787-8b91-42b7-817f-557f32edc86c","udenu","enugu","southeast",715,"1340110334297.jpg","enugu_udenu","b414e787-8b91-42b7-817f-557f32edc86c","1340110334297.jpg","6.91242034 7.51811628 515.0 5.0","Tochinos Maternity Obegu Obollo-Afor","maternity",TRUE,TRUE,NA,TRUE,TRUE,5,NA,TRUE,5,0,2,1,0,NA,TRUE,NA,NA,NA,NA,NA,NA,NA,NA,NA,TRUE,FALSE,NA,TRUE,NA,NA,TRUE,TRUE,FALSE,FALSE,TRUE,NA,TRUE,TRUE,NA,NA,FALSE,NA,NA,NA,NA,NA,NA,NA,NA,NA,NA,NA,NA,TRUE,NA,NA,NA,NA,NA,NA,NA,NA,NA,NA,NA,FALSE,NA,NA,NA,NA,TRUE,"health"
"15",18902,18902,"321eb8f2-485f-49fc-b6e2-a0a30de87305","udenu","enugu","southeast",715,"1339761841733.jpg","enugu_udenu","321eb8f2-485f-49fc-b6e2-a0a30de87305","1339761841733.jpg","6.88235567 7.51276093 418.0 5.0","Ezimo-Uno","primaryhealthclinic",FALSE,NA,NA,TRUE,FALSE,1,FALSE,FALSE,1,0,0,0,0,TRUE,TRUE,FALSE,FALSE,TRUE,FALSE,FALSE,FALSE,FALSE,FALSE,FALSE,TRUE,NA,FALSE,FALSE,FALSE,FALSE,NA,FALSE,FALSE,FALSE,NA,FALSE,NA,NA,FALSE,FALSE,NA,FALSE,TRUE,TRUE,TRUE,TRUE,TRUE,TRUE,TRUE,TRUE,NA,NA,FALSE,TRUE,FALSE,TRUE,TRUE,TRUE,FALSE,TRUE,FALSE,FALSE,TRUE,NA,FALSE,FALSE,FALSE,FALSE,TRUE,TRUE,TRUE,"health"
"16",18903,18903,"8c3e0687-7c77-41da-96af-c40eee4db55a","udenu","enugu","southeast",715,"1339754196206.jpg","enugu_udenu","8c3e0687-7c77-41da-96af-c40eee4db55a","1339754196206.jpg","6.91447451 7.51270647 508.8999938964844 5.0","MARCUS NNADI MEMORIAL HOSPITAL","comprehensivehealthcentre",TRUE,TRUE,NA,TRUE,TRUE,5,NA,TRUE,5,0,1,1,0,NA,TRUE,NA,NA,NA,NA,NA,NA,NA,NA,NA,TRUE,FALSE,NA,TRUE,NA,NA,TRUE,FALSE,FALSE,FALSE,TRUE,NA,TRUE,FALSE,NA,NA,FALSE,NA,NA,NA,NA,NA,NA,NA,NA,NA,NA,NA,NA,TRUE,NA,NA,NA,NA,NA,NA,NA,NA,NA,NA,NA,FALSE,NA,NA,NA,NA,TRUE,"health"
"17",18904,18904,"a7eef74b-bed6-4c31-8528-aa0344f0b4a5","udenu","enugu","southeast",715,"1340022166663.jpg","enugu_udenu","a7eef74b-bed6-4c31-8528-aa0344f0b4a5","1340022166663.jpg","6.8675879 7.48872192 430.79998779296875 5.0","Nkpagu Road lmilike Enu","healthpostdispensary",FALSE,NA,NA,TRUE,FALSE,1,TRUE,FALSE,1,0,0,0,0,TRUE,TRUE,FALSE,TRUE,TRUE,TRUE,TRUE,TRUE,FALSE,FALSE,FALSE,TRUE,TRUE,TRUE,FALSE,TRUE,FALSE,TRUE,FALSE,FALSE,FALSE,NA,FALSE,FALSE,TRUE,FALSE,FALSE,FALSE,FALSE,TRUE,TRUE,TRUE,TRUE,TRUE,TRUE,TRUE,TRUE,NA,NA,FALSE,TRUE,TRUE,NA,TRUE,TRUE,TRUE,TRUE,TRUE,FALSE,NA,NA,FALSE,TRUE,FALSE,TRUE,FALSE,TRUE,TRUE,"health"
"18",18905,18905,"2f22f747-5e9c-4af6-bdab-b27ae29610c5","udenu","enugu","southeast",715,"1339753778178.jpg","enugu_udenu","2f22f747-5e9c-4af6-bdab-b27ae29610c5","1339753778178.jpg","6.91584863 7.50986399 480.1000061035156 5.0","BRIDGET MEMORIAL HOSPITAL","cottagehospital",TRUE,TRUE,NA,TRUE,TRUE,6,NA,TRUE,5,2,1,1,1,NA,TRUE,NA,NA,NA,NA,NA,NA,NA,NA,NA,TRUE,FALSE,NA,TRUE,NA,NA,TRUE,TRUE,TRUE,FALSE,TRUE,NA,FALSE,TRUE,NA,NA,TRUE,NA,NA,NA,NA,NA,NA,NA,NA,NA,NA,NA,NA,TRUE,NA,NA,NA,NA,NA,NA,NA,NA,NA,NA,NA,FALSE,NA,NA,NA,NA,TRUE,"health"
"19",18906,18906,"2301cf1e-b68d-4d95-a18c-eef3496f6631","udenu","enugu","southeast",715,"1339668405354.jpg","enugu_udenu","2301cf1e-b68d-4d95-a18c-eef3496f6631","1339668405354.jpg","6.92618709 7.51934166 510.1000061035156 5.0","God‘s Time Clinic & Maternity","primaryhealthcarecentre",FALSE,TRUE,NA,TRUE,FALSE,4,NA,FALSE,4,0,0,0,0,NA,TRUE,NA,NA,NA,NA,NA,NA,NA,NA,NA,NA,NA,NA,TRUE,NA,NA,NA,FALSE,FALSE,FALSE,TRUE,NA,NA,NA,NA,NA,NA,NA,NA,NA,NA,NA,NA,NA,NA,NA,NA,NA,NA,TRUE,NA,NA,NA,NA,NA,NA,NA,NA,NA,NA,NA,FALSE,NA,NA,NA,NA,TRUE,"health"
"20",18907,18907,"72519044-1588-4095-948e-78239145c9a2","udenu","enugu","southeast",715,"1340027545751.jpg","enugu_udenu","72519044-1588-4095-948e-78239145c9a2","1340027545751.jpg","6.86881967 7.47731858 442.6000061035156 2.0","Imilike uno","primaryhealthclinic",TRUE,TRUE,TRUE,TRUE,FALSE,3,TRUE,FALSE,3,0,0,0,0,TRUE,TRUE,FALSE,TRUE,FALSE,TRUE,TRUE,FALSE,FALSE,FALSE,FALSE,TRUE,NA,FALSE,FALSE,TRUE,FALSE,NA,FALSE,FALSE,FALSE,NA,FALSE,NA,NA,FALSE,FALSE,NA,FALSE,FALSE,FALSE,FALSE,FALSE,FALSE,FALSE,FALSE,FALSE,NA,NA,FALSE,TRUE,FALSE,TRUE,TRUE,TRUE,FALSE,TRUE,FALSE,FALSE,TRUE,NA,FALSE,FALSE,FALSE,FALSE,TRUE,TRUE,TRUE,"health"
"21",18908,18908,"8fd46521-2fbb-4349-9573-e0c70f4fe0c9","udenu","enugu","southeast",715,"1339625708108.jpg","enugu_udenu","8fd46521-2fbb-4349-9573-e0c70f4fe0c9","1339625708108.jpg","6.85982498 7.46851792 451.0 5.0","MODEL PRIMARY HEALTH CARE CENTRE ORBE","wardmodelphccentre",FALSE,TRUE,TRUE,TRUE,TRUE,13,TRUE,FALSE,11,0,1,1,1,TRUE,TRUE,FALSE,TRUE,TRUE,TRUE,FALSE,FALSE,TRUE,TRUE,FALSE,TRUE,FALSE,FALSE,FALSE,TRUE,FALSE,TRUE,TRUE,FALSE,FALSE,NA,TRUE,TRUE,TRUE,FALSE,FALSE,FALSE,FALSE,TRUE,TRUE,TRUE,TRUE,TRUE,TRUE,TRUE,FALSE,NA,NA,TRUE,TRUE,FALSE,TRUE,FALSE,TRUE,FALSE,TRUE,TRUE,FALSE,FALSE,NA,FALSE,FALSE,TRUE,FALSE,TRUE,TRUE,TRUE,"health"
"22",18909,18909,"4085f90b-e908-4c19-beaa-f04b00ce0ab9","udenu","enugu","southeast",715,"1340019298038.jpg","enugu_udenu","4085f90b-e908-4c19-beaa-f04b00ce0ab9","1340019298038.jpg","6.8758931 7.48053451 464.1000061035156 5.0","Imilike Ani health Clinic","healthpostdispensary",FALSE,NA,NA,TRUE,FALSE,5,TRUE,FALSE,4,0,0,0,0,TRUE,TRUE,TRUE,FALSE,FALSE,FALSE,FALSE,FALSE,FALSE,FALSE,FALSE,NA,NA,FALSE,FALSE,FALSE,FALSE,NA,FALSE,FALSE,FALSE,NA,FALSE,NA,NA,FALSE,FALSE,NA,FALSE,TRUE,TRUE,FALSE,TRUE,FALSE,TRUE,TRUE,FALSE,NA,NA,FALSE,TRUE,FALSE,TRUE,FALSE,FALSE,FALSE,FALSE,FALSE,FALSE,TRUE,NA,FALSE,FALSE,FALSE,FALSE,TRUE,FALSE,TRUE,"health"
"23",18910,18910,"04c5c3b8-9306-467c-95b6-bfee94196160","udenu","enugu","southeast",715,"1339755671076.jpg","enugu_udenu","04c5c3b8-9306-467c-95b6-bfee94196160","1339755671076.jpg","6.92177585 7.52355399 495.8999938964844 5.0","NDUBUSI HOSPITAL","cottagehospital",TRUE,TRUE,NA,TRUE,TRUE,2,NA,TRUE,2,3,0,1,0,NA,FALSE,NA,NA,NA,NA,NA,NA,NA,NA,NA,TRUE,FALSE,NA,TRUE,NA,NA,TRUE,TRUE,TRUE,TRUE,TRUE,NA,NA,NA,NA,NA,NA,NA,NA,NA,NA,NA,NA,NA,NA,NA,NA,NA,NA,TRUE,NA,NA,NA,NA,NA,NA,NA,NA,NA,NA,NA,FALSE,NA,NA,NA,NA,TRUE,"health"
"24",18911,18911,"3402954e-9b46-44ad-83c4-84f0e68b4645","udenu","enugu","southeast",715,"1339596292672.jpg","enugu_udenu","3402954e-9b46-44ad-83c4-84f0e68b4645","1339596292672.jpg","6.93529713 7.56378823 457.70001220703125 5.0","Nkalagu Health post","healthpostdispensary",TRUE,TRUE,TRUE,TRUE,FALSE,3,TRUE,FALSE,3,0,0,0,0,TRUE,TRUE,TRUE,TRUE,TRUE,FALSE,TRUE,FALSE,TRUE,FALSE,FALSE,TRUE,NA,FALSE,FALSE,FALSE,FALSE,NA,FALSE,FALSE,FALSE,NA,FALSE,NA,NA,FALSE,FALSE,NA,FALSE,TRUE,TRUE,TRUE,TRUE,TRUE,TRUE,TRUE,FALSE,NA,NA,FALSE,TRUE,TRUE,TRUE,TRUE,TRUE,TRUE,TRUE,FALSE,FALSE,TRUE,NA,FALSE,FALSE,FALSE,FALSE,TRUE,TRUE,FALSE,"health"
"25",18912,18912,"dcf64465-002a-45b9-968b-dc8a114b64fa","udenu","enugu","southeast",715,"1339661707354.jpg","enugu_udenu","dcf64465-002a-45b9-968b-dc8a114b64fa","1339661707354.jpg","6.91478421 7.51917125 510.1000061035156 5.0","OBOLLO AFOR HEALTH CENTRE","primaryhealthcarecentre",TRUE,TRUE,TRUE,TRUE,TRUE,10,TRUE,FALSE,8,1,2,1,1,TRUE,TRUE,FALSE,TRUE,TRUE,FALSE,TRUE,FALSE,TRUE,TRUE,FALSE,TRUE,FALSE,FALSE,FALSE,TRUE,FALSE,TRUE,TRUE,TRUE,FALSE,NA,TRUE,TRUE,TRUE,FALSE,FALSE,FALSE,FALSE,TRUE,TRUE,FALSE,TRUE,TRUE,TRUE,TRUE,FALSE,NA,NA,TRUE,TRUE,TRUE,TRUE,TRUE,TRUE,TRUE,TRUE,TRUE,TRUE,TRUE,TRUE,FALSE,TRUE,TRUE,FALSE,TRUE,TRUE,TRUE,"health"
"26",18913,18913,"9ff85305-7f43-47b7-bc21-fe81c3fa0cc5","udenu","enugu","southeast",715,"1339661970481.jpg","enugu_udenu","9ff85305-7f43-47b7-bc21-fe81c3fa0cc5","1339661970481.jpg","6.91476001 7.51920362 501.79998779296875 5.0","COTTAGE HOSPITAL, OBOLLO AFOR","cottagehospital",FALSE,NA,NA,TRUE,TRUE,0,FALSE,FALSE,0,3,2,0,0,TRUE,NA,FALSE,FALSE,FALSE,TRUE,FALSE,FALSE,FALSE,FALSE,FALSE,NA,NA,FALSE,FALSE,FALSE,FALSE,NA,TRUE,TRUE,TRUE,NA,TRUE,NA,NA,FALSE,FALSE,NA,FALSE,FALSE,FALSE,FALSE,FALSE,FALSE,FALSE,FALSE,FALSE,NA,NA,FALSE,TRUE,FALSE,TRUE,FALSE,FALSE,FALSE,FALSE,FALSE,FALSE,NA,NA,FALSE,FALSE,TRUE,FALSE,TRUE,FALSE,FALSE,"health"
"27",18914,18914,"33cf0ec7-5bcd-4c87-9cc7-cceb520a8e7c","udenu","enugu","southeast",715,"1339587535209.jpg","enugu_udenu","33cf0ec7-5bcd-4c87-9cc7-cceb520a8e7c","1339587535209.jpg","6.9486319 7.54966528 501.70001220703125 5.0","Prim. Health Care Centre","primaryhealthcarecentre",FALSE,TRUE,NA,TRUE,FALSE,11,TRUE,FALSE,11,0,0,0,0,TRUE,TRUE,FALSE,TRUE,TRUE,TRUE,TRUE,FALSE,FALSE,FALSE,FALSE,NA,NA,TRUE,FALSE,TRUE,FALSE,NA,FALSE,FALSE,FALSE,NA,FALSE,NA,NA,FALSE,FALSE,NA,FALSE,TRUE,TRUE,TRUE,TRUE,TRUE,TRUE,TRUE,FALSE,NA,NA,FALSE,TRUE,TRUE,TRUE,TRUE,TRUE,TRUE,TRUE,FALSE,FALSE,TRUE,TRUE,FALSE,FALSE,FALSE,FALSE,TRUE,TRUE,FALSE,"health"
"28",18915,18915,"d63cced7-ed54-4b87-9bb0-686c05b83cbe","udenu","enugu","southeast",715,"1339855922580.jpg","enugu_udenu","d63cced7-ed54-4b87-9bb0-686c05b83cbe","1339855922580.jpg","6.88356295 7.63544226 275.29998779296875 5.0","Ibenda Health Post","healthpostdispensary",FALSE,TRUE,NA,TRUE,FALSE,5,TRUE,FALSE,5,0,0,0,0,TRUE,TRUE,FALSE,TRUE,TRUE,TRUE,TRUE,FALSE,FALSE,TRUE,FALSE,NA,NA,FALSE,FALSE,FALSE,FALSE,NA,FALSE,FALSE,FALSE,NA,FALSE,NA,NA,FALSE,FALSE,NA,FALSE,TRUE,TRUE,TRUE,TRUE,TRUE,TRUE,TRUE,TRUE,NA,NA,FALSE,TRUE,FALSE,TRUE,TRUE,FALSE,FALSE,FALSE,FALSE,FALSE,TRUE,TRUE,FALSE,FALSE,FALSE,FALSE,TRUE,FALSE,TRUE,"health"
"29",18916,18916,"4dc9801f-db72-4061-85e2-35eabf5dd3be","udenu","enugu","southeast",715,"1339539432046.jpg","enugu_udenu","4dc9801f-db72-4061-85e2-35eabf5dd3be","1339539432046.jpg","6.86268121 7.47396499 459.8999938964844 5.0","HOLY FAMILY  PRIVATE HOSPITAL","specialisthospital",FALSE,FALSE,NA,TRUE,TRUE,2,NA,FALSE,1,2,2,1,0,NA,TRUE,NA,NA,NA,NA,NA,NA,NA,NA,NA,NA,NA,NA,FALSE,NA,NA,NA,TRUE,TRUE,TRUE,NA,NA,NA,NA,NA,NA,NA,NA,NA,NA,NA,NA,NA,NA,NA,NA,NA,NA,NA,FALSE,NA,NA,NA,NA,NA,NA,NA,NA,NA,NA,NA,FALSE,NA,NA,NA,NA,FALSE,"health"
"30",18917,18917,"79c0cf2b-7853-4c7a-8519-3d0594697fe0","udenu","enugu","southeast",715,"1340011009955.jpg","enugu_udenu","79c0cf2b-7853-4c7a-8519-3d0594697fe0","1340011009955.jpg","6.89355614 7.50681628 498.1000061035156 5.0","Umundu Health Centre","primaryhealthcarecentre",TRUE,TRUE,TRUE,TRUE,FALSE,5,TRUE,FALSE,5,0,0,0,0,TRUE,TRUE,FALSE,TRUE,TRUE,TRUE,TRUE,FALSE,FALSE,FALSE,FALSE,TRUE,FALSE,TRUE,FALSE,TRUE,TRUE,FALSE,FALSE,FALSE,FALSE,NA,FALSE,NA,NA,FALSE,FALSE,NA,FALSE,TRUE,TRUE,TRUE,TRUE,TRUE,TRUE,TRUE,FALSE,NA,NA,FALSE,TRUE,TRUE,TRUE,TRUE,TRUE,TRUE,TRUE,FALSE,FALSE,FALSE,NA,FALSE,FALSE,FALSE,FALSE,TRUE,TRUE,FALSE,"health"
"31",18918,18918,"7094e1c8-d833-4785-bd6c-3160bee95d6e","udenu","enugu","southeast",715,"1339680520186.jpg","enugu_udenu","7094e1c8-d833-4785-bd6c-3160bee95d6e","1339680520186.jpg","6.91535834 7.4867767 474.3999938964844 5.0","Iheakpu obollo health centre","primaryhealthcarecentre",FALSE,TRUE,TRUE,TRUE,FALSE,10,FALSE,FALSE,10,0,0,0,0,TRUE,TRUE,FALSE,TRUE,TRUE,TRUE,TRUE,FALSE,FALSE,FALSE,FALSE,TRUE,FALSE,TRUE,FALSE,TRUE,FALSE,TRUE,FALSE,FALSE,FALSE,NA,FALSE,NA,NA,FALSE,FALSE,NA,FALSE,TRUE,TRUE,TRUE,TRUE,TRUE,TRUE,TRUE,TRUE,NA,NA,FALSE,TRUE,FALSE,TRUE,TRUE,TRUE,FALSE,FALSE,FALSE,FALSE,NA,TRUE,FALSE,FALSE,FALSE,FALSE,TRUE,FALSE,TRUE,"health"
"32",18919,18919,"eca0c84e-99fa-44d2-bc5f-5d80df36db23","udenu","enugu","southeast",715,"1339752680009.jpg","enugu_udenu","eca0c84e-99fa-44d2-bc5f-5d80df36db23","1339752680009.jpg","6.91151894 7.50834349 486.0 5.0","ST THERESA‘S HOSPITAL OBOLLO AFOR","comprehensivehealthcentre",TRUE,TRUE,NA,TRUE,TRUE,10,NA,TRUE,7,NA,3,3,3,NA,TRUE,NA,NA,NA,NA,NA,NA,NA,NA,NA,TRUE,TRUE,NA,TRUE,NA,NA,TRUE,TRUE,TRUE,TRUE,TRUE,NA,TRUE,TRUE,NA,NA,TRUE,NA,NA,NA,NA,NA,NA,NA,NA,NA,NA,NA,NA,TRUE,NA,NA,NA,NA,NA,NA,NA,NA,NA,NA,NA,TRUE,NA,NA,NA,NA,TRUE,"health"
"33",18920,18920,"ae497bda-6f66-40ef-a4ad-b72ace25c837","udenu","enugu","southeast",715,"1339756380036.jpg","enugu_udenu","ae497bda-6f66-40ef-a4ad-b72ace25c837","1339756380036.jpg","6.92028927 7.5218735 482.29998779296875 5.0","Prince Eze Hospital","primaryhealthclinic",TRUE,TRUE,NA,TRUE,TRUE,2,NA,TRUE,2,0,0,1,0,NA,TRUE,NA,NA,NA,NA,NA,NA,NA,NA,NA,TRUE,TRUE,NA,TRUE,NA,NA,TRUE,FALSE,FALSE,FALSE,TRUE,NA,TRUE,TRUE,NA,NA,FALSE,NA,NA,NA,NA,NA,NA,NA,NA,NA,NA,NA,NA,TRUE,NA,NA,NA,NA,NA,NA,NA,NA,NA,NA,NA,TRUE,NA,NA,NA,NA,TRUE,"health"
"34",18921,18921,"72484efe-7268-438b-b79b-62e16f4dbb79","udenu","enugu","southeast",715,"1339648301718.jpg","enugu_udenu","72484efe-7268-438b-b79b-62e16f4dbb79","1339648301718.jpg","6.8394865 7.47915779 492.0 5.0","AMA-ORBA HEAITH FACILITY","primaryhealthcarecentre",FALSE,FALSE,TRUE,TRUE,TRUE,4,FALSE,FALSE,3,1,2,1,0,TRUE,TRUE,TRUE,TRUE,TRUE,TRUE,FALSE,TRUE,FALSE,TRUE,FALSE,TRUE,FALSE,FALSE,FALSE,TRUE,FALSE,TRUE,TRUE,FALSE,FALSE,NA,FALSE,NA,NA,FALSE,FALSE,NA,FALSE,FALSE,FALSE,FALSE,FALSE,FALSE,FALSE,FALSE,FALSE,NA,NA,FALSE,TRUE,TRUE,TRUE,TRUE,TRUE,TRUE,FALSE,FALSE,FALSE,FALSE,NA,FALSE,FALSE,FALSE,TRUE,TRUE,FALSE,TRUE,"health"
"35",18922,18922,"5415680b-3be1-422e-a42f-941574488c10","udenu","enugu","southeast",715,"1340017382272.jpg","enugu_udenu","5415680b-3be1-422e-a42f-941574488c10","1340017382272.jpg","6.85249142 7.45956892 465.6000061035156 5.0","Nwa-Ossai Foundation Hospital","comprehensivehealthcentre",TRUE,TRUE,NA,TRUE,TRUE,0,NA,TRUE,0,10,2,2,2,NA,TRUE,NA,NA,NA,NA,NA,NA,NA,NA,NA,TRUE,FALSE,NA,TRUE,NA,NA,TRUE,TRUE,TRUE,TRUE,TRUE,NA,FALSE,TRUE,NA,NA,TRUE,NA,NA,NA,NA,NA,NA,NA,NA,NA,NA,NA,NA,TRUE,NA,NA,NA,NA,NA,NA,NA,NA,NA,NA,NA,FALSE,NA,NA,NA,NA,TRUE,"health"
"36",18923,18923,"26173571-a153-4c9c-9988-42b7becb8cf2","udenu","enugu","southeast",715,"1339582586821.jpg","enugu_udenu","26173571-a153-4c9c-9988-42b7becb8cf2","1339582586821.jpg","6.84348927 7.6021382 242.5 5.0","Imilike Agu Health post","healthpostdispensary",FALSE,NA,TRUE,TRUE,FALSE,2,TRUE,FALSE,2,0,0,0,0,TRUE,TRUE,FALSE,TRUE,TRUE,FALSE,FALSE,FALSE,FALSE,FALSE,FALSE,NA,NA,TRUE,FALSE,TRUE,FALSE,NA,FALSE,FALSE,FALSE,NA,FALSE,NA,NA,FALSE,FALSE,NA,FALSE,TRUE,TRUE,TRUE,TRUE,TRUE,TRUE,TRUE,TRUE,NA,NA,FALSE,TRUE,TRUE,NA,TRUE,TRUE,FALSE,TRUE,FALSE,FALSE,TRUE,NA,FALSE,FALSE,FALSE,FALSE,FALSE,TRUE,TRUE,"health"
"37",18924,18924,"410736ec-76a9-4ad9-8601-2d1f5042aa53","udenu","enugu","southeast",715,"1339752477250.jpg","enugu_udenu","410736ec-76a9-4ad9-8601-2d1f5042aa53","1339752477250.jpg","6.87056818 7.54974432 347.20001220703125 5.0","Ibagwa Ezimo H/C","primaryhealthcarecentre",FALSE,FALSE,TRUE,TRUE,FALSE,2,FALSE,FALSE,2,0,0,0,0,TRUE,TRUE,FALSE,TRUE,FALSE,FALSE,TRUE,FALSE,TRUE,FALSE,FALSE,TRUE,NA,FALSE,FALSE,TRUE,FALSE,NA,FALSE,FALSE,FALSE,NA,FALSE,NA,NA,FALSE,FALSE,NA,FALSE,TRUE,TRUE,FALSE,TRUE,TRUE,TRUE,TRUE,FALSE,NA,NA,FALSE,FALSE,TRUE,TRUE,TRUE,TRUE,FALSE,TRUE,FALSE,FALSE,NA,NA,FALSE,FALSE,FALSE,FALSE,TRUE,TRUE,TRUE,"health"
"38",18925,18925,"d5dfc85d-3411-4f06-ad11-d1f7d2b1d72b","udenu","enugu","southeast",715,"1339548159920.jpg","enugu_udenu","d5dfc85d-3411-4f06-ad11-d1f7d2b1d72b","1339548159920.jpg","6.86321728 7.43221239 472.29998779296875 5.0","OWERE-EZE-ORBA H/C","primaryhealthcarecentre",FALSE,NA,TRUE,TRUE,TRUE,2,FALSE,FALSE,2,2,2,0,0,TRUE,TRUE,FALSE,TRUE,TRUE,FALSE,FALSE,FALSE,FALSE,FALSE,TRUE,TRUE,NA,FALSE,FALSE,FALSE,FALSE,NA,TRUE,TRUE,FALSE,NA,FALSE,NA,NA,FALSE,FALSE,NA,FALSE,TRUE,FALSE,FALSE,FALSE,FALSE,TRUE,TRUE,FALSE,NA,NA,FALSE,TRUE,FALSE,NA,FALSE,TRUE,FALSE,TRUE,FALSE,FALSE,TRUE,NA,FALSE,TRUE,FALSE,FALSE,FALSE,TRUE,FALSE,"health"
"39",18926,18926,"59212f12-ec95-4e5a-92bc-90d955fb9125","udenu","enugu","southeast",715,"1339977110573.jpg","enugu_udenu","59212f12-ec95-4e5a-92bc-90d955fb9125","1339977110573.jpg","6.84622234 7.4616844 490.5 5.0","AMALA ORBA COMPREHENSIVE HEALTH CENTRE","comprehensivehealthcentre",TRUE,TRUE,TRUE,TRUE,TRUE,5,FALSE,TRUE,5,1,0,1,0,TRUE,TRUE,FALSE,TRUE,TRUE,FALSE,TRUE,FALSE,FALSE,TRUE,FALSE,TRUE,FALSE,FALSE,TRUE,TRUE,FALSE,TRUE,TRUE,FALSE,FALSE,TRUE,FALSE,NA,NA,FALSE,FALSE,NA,FALSE,TRUE,TRUE,TRUE,TRUE,TRUE,TRUE,TRUE,FALSE,NA,NA,FALSE,TRUE,FALSE,TRUE,TRUE,TRUE,FALSE,TRUE,FALSE,FALSE,TRUE,NA,FALSE,FALSE,FALSE,FALSE,TRUE,TRUE,TRUE,"health"
