"","X","X.1","uuid","mylga","mylga_state","mylga_zone","gps","school_name","level_of_education","unique_lga","X_lga_id","photo","X_id","facility_type","formhub_photo_id","num_tchrs_total","Type","school_1kmplus_catchment_area","potable_water","num_classrms_need_maj_repairs","num_tchrs_with_nce","num_textbooks","textbook_to_pupil_ratio","natl_curriculum_yn","school_1kmplus_secondary_school","students_living_3kmplus_school","male_to_female_student_ratio","education_improved_sanitation","gender_separated_toilets_yn","pupil_toilet_ratio_facility","power_access","num_classrms_need_min_repairs","covered_roof_good_condi","access_clinic_dispensary","access_first_aid","wall_fence_good_condi","pupil_classrm_ratio","classes_outside_yn","two_shifts_yn","multigrade_classrms","chalkboard_each_classroom_yn","pupil_bench_ratio","pupil_desk_ratio","pupil_tchr_ratio","teacher_nonteachingstaff_ratio","num_tchrs_attended_training","tchr_pay_delay","tchr_pay_miss","provide_exercise_books_yn","provide_pens_yn","teacher_guide_yn","functioning_library_yn","sector"
"1",55858,55858,"ad8a7f69-da2b-416d-a4b0-ccea4eb208ba","uzo_uwani","enugu","southeast","6.81865799 7.17246709 192.5 5.0","Migrant farmers children pry sch Isiyi areji, nimbo","preprimary_and_primary","enugu_uzo_uwani",739,"1336500945177.jpg","ad8a7f69-da2b-416d-a4b0-ccea4eb208ba","preprimary_and_primary","1336500945177.jpg",5,"formal_educ",FALSE,FALSE,2,4,225,0.786713286713287,FALSE,FALSE,0,0.79874213836478,FALSE,NA,NA,FALSE,1,FALSE,FALSE,FALSE,FALSE,143,FALSE,FALSE,TRUE,FALSE,71.5,47.6666666666667,57.2,Inf,1,FALSE,FALSE,FALSE,FALSE,FALSE,FALSE,"education"
"2",55859,55859,"9a276c9b-99bb-4eb1-ae1e-b0d0ea9ca5f1","uzo_uwani","enugu","southeast","6.83912625 7.28465002 303.79998779296875 5.0","Community pry sch nrobo","preprimary_and_primary","enugu_uzo_uwani",739,"1336050381883.jpg","9a276c9b-99bb-4eb1-ae1e-b0d0ea9ca5f1","preprimary_and_primary","1336050381883.jpg",7,"formal_educ",FALSE,FALSE,3,6,650,2.73109243697479,FALSE,FALSE,0,1.2037037037037,FALSE,NA,NA,FALSE,4,FALSE,FALSE,FALSE,FALSE,47.6,FALSE,FALSE,TRUE,FALSE,15.8666666666667,19.8333333333333,34,7,6,TRUE,FALSE,FALSE,FALSE,FALSE,FALSE,"education"
"3",55860,55860,"76be79b7-4647-43d8-8723-3035543252c0","uzo_uwani","enugu","southeast","6.729072332382202 7.005152106285095 62.0 4.0","Royal Com Sec Sch Adani","junior_and_senior_sec","enugu_uzo_uwani",739,"1336482795207.jpg","76be79b7-4647-43d8-8723-3035543252c0","junior_and_senior_sec","1336482795207.jpg",13,"formal_educ",TRUE,FALSE,0,8,105,0.368421052631579,TRUE,NA,0,1.47826086956522,FALSE,TRUE,28.5,TRUE,0,TRUE,FALSE,FALSE,FALSE,40.7142857142857,FALSE,FALSE,FALSE,FALSE,14.25,2.03571428571429,21.9230769230769,Inf,0,FALSE,FALSE,FALSE,FALSE,TRUE,TRUE,"education"
"4",55861,55861,"e0176641-5d94-4c64-af89-efb5828be8a1","uzo_uwani","enugu","southeast","6.83599322 7.23969824 247.5 5.0","Community Primary School,Abbi","preprimary_and_primary","enugu_uzo_uwani",739,"1336015996833.jpg","e0176641-5d94-4c64-af89-efb5828be8a1","preprimary_and_primary","1336015996833.jpg",7,"formal_educ",FALSE,FALSE,2,6,537,2.33478260869565,FALSE,FALSE,0,1.875,TRUE,FALSE,57.5,FALSE,1,FALSE,FALSE,FALSE,FALSE,38.3333333333333,FALSE,FALSE,FALSE,TRUE,4.6,1.53333333333333,32.8571428571429,Inf,7,TRUE,TRUE,FALSE,FALSE,FALSE,FALSE,"education"
"5",55862,55862,"d75747f4-93c8-4cd3-bae7-808911ed4b48","uzo_uwani","enugu","southeast","6.764933466911316 7.241111397743225 251.0 4.0","Community Primary Sch
 Akaibete Nkpologu","preprimary_and_primary","enugu_uzo_uwani",739,"1336224623430.jpg","d75747f4-93c8-4cd3-bae7-808911ed4b48","preprimary_and_primary","1336224623430.jpg",16,"formal_educ",FALSE,FALSE,4,12,258,1.26470588235294,FALSE,FALSE,0,0.645161290322581,FALSE,NA,NA,FALSE,1,FALSE,FALSE,FALSE,FALSE,40.8,FALSE,FALSE,TRUE,FALSE,4.08,5.1,12.75,Inf,16,FALSE,FALSE,FALSE,FALSE,FALSE,TRUE,"education"
"6",55863,55863,"79ee5cc1-102a-424e-a24e-c80fb1cf301e","uzo_uwani","enugu","southeast","6.835593581199646 7.2279953956604 223.0 4.0","Central School Abbi","preprimary_and_primary","enugu_uzo_uwani",739,"1336060147022.jpg","79ee5cc1-102a-424e-a24e-c80fb1cf301e","preprimary_and_primary","1336060147022.jpg",7,"formal_educ",FALSE,FALSE,0,7,320,1.48837209302326,TRUE,TRUE,0,0.869565217391304,FALSE,NA,NA,FALSE,8,FALSE,FALSE,FALSE,FALSE,26.875,FALSE,FALSE,FALSE,FALSE,4.3,10.75,30.7142857142857,7,2,TRUE,FALSE,FALSE,FALSE,FALSE,FALSE,"education"
"7",55864,55864,"ee9e8cf4-98e4-4211-a7f4-b3487fb38f7b","uzo_uwani","enugu","southeast","6.76219478 7.05564677 107.80000305175781 5.0","Nomadic  (one)","primary_only","enugu_uzo_uwani",739,"1336488761565.jpg","ee9e8cf4-98e4-4211-a7f4-b3487fb38f7b","primary_only","1336488761565.jpg",6,"formal_educ",TRUE,FALSE,1,1,NA,NA,TRUE,FALSE,0,1.07142857142857,FALSE,NA,NA,FALSE,1,FALSE,FALSE,FALSE,FALSE,29,FALSE,FALSE,TRUE,FALSE,Inf,Inf,4.83333333333333,Inf,0,FALSE,FALSE,TRUE,TRUE,TRUE,FALSE,"education"
"8",55865,55865,"2f20c05f-dc07-4d74-9de2-92a0f88985dd","uzo_uwani","enugu","southeast","6.50592747 7.09073884 66.69999694824219 5.0","Global pry/secondary sch. Akiyi umulokpa","preprimary_and_primary","enugu_uzo_uwani",739,"1336411244107.jpg","2f20c05f-dc07-4d74-9de2-92a0f88985dd","preprimary_and_primary","1336411244107.jpg",15,"formal_educ",FALSE,FALSE,0,14,23,0.184,FALSE,FALSE,0,0.5625,FALSE,NA,NA,FALSE,3,FALSE,FALSE,FALSE,FALSE,11.3636363636364,FALSE,FALSE,TRUE,FALSE,25,15.625,8.33333333333333,Inf,0,FALSE,FALSE,FALSE,FALSE,TRUE,FALSE,"education"
"9",55866,55866,"406428b7-6d46-486d-9d5b-8f93f7582140","uzo_uwani","enugu","southeast","6.73804291 7.0131797 80.5 5.0","Premier primary school adani","preprimary_and_primary","enugu_uzo_uwani",739,"1336145686427.jpg","406428b7-6d46-486d-9d5b-8f93f7582140","preprimary_and_primary","1336145686427.jpg",17,"formal_educ",FALSE,FALSE,0,16,985,2.24885844748858,FALSE,TRUE,3,1.13658536585366,FALSE,NA,NA,FALSE,7,FALSE,FALSE,FALSE,FALSE,62.5714285714286,FALSE,FALSE,FALSE,FALSE,8.76,10.95,25.7647058823529,Inf,5,FALSE,FALSE,FALSE,FALSE,FALSE,FALSE,"education"
"10",55867,55867,"113d10d2-7400-4e73-8b45-c83d7a3a0763","uzo_uwani","enugu","southeast","6.49956422 7.09244963 57.70000076293945 5.0","Technical College Akiyi-Umulokpa","science_technical","enugu_uzo_uwani",739,"1336406907652.jpg","113d10d2-7400-4e73-8b45-c83d7a3a0763","science_technical","1336406907652.jpg",13,"formal_educ",TRUE,FALSE,8,7,0,0,TRUE,FALSE,306,2.45833333333333,TRUE,TRUE,51.875,FALSE,0,FALSE,FALSE,FALSE,FALSE,34.5833333333333,FALSE,FALSE,TRUE,FALSE,4.15,3.45833333333333,31.9230769230769,Inf,13,FALSE,FALSE,FALSE,FALSE,TRUE,TRUE,"education"
"11",55868,55868,"3ec15fc5-52a6-421b-b6c0-d6f2eef39723","uzo_uwani","enugu","southeast","6.7955837 7.25187247 391.5 5.0","Hill-Top Primary School,Ugbene Ajima","preprimary_and_primary","enugu_uzo_uwani",739,"1336557880602.jpg","3ec15fc5-52a6-421b-b6c0-d6f2eef39723","preprimary_and_primary","1336557880602.jpg",5,"formal_educ",FALSE,FALSE,1,4,589,1.71720116618076,FALSE,FALSE,0,1.28666666666667,FALSE,NA,NA,FALSE,0,FALSE,FALSE,FALSE,FALSE,171.5,TRUE,FALSE,TRUE,FALSE,26.3846153846154,17.15,68.6,Inf,2,TRUE,FALSE,FALSE,FALSE,FALSE,FALSE,"education"
"12",55869,55869,"42f9e0e2-7f19-4da8-a75b-c0ef1c670a35","uzo_uwani","enugu","southeast","6.76922195 7.22432164 234.5 5.0","Hill-top Primary School,Ogba Nkpologu","preprimary_and_primary","enugu_uzo_uwani",739,"1336222382908.jpg","42f9e0e2-7f19-4da8-a75b-c0ef1c670a35","preprimary_and_primary","1336222382908.jpg",16,"formal_educ",FALSE,FALSE,1,13,1238,5.20168067226891,FALSE,TRUE,0,1.10619469026549,FALSE,NA,NA,FALSE,1,FALSE,FALSE,FALSE,FALSE,39.6666666666667,FALSE,FALSE,TRUE,FALSE,11.9,2.42857142857143,14.875,Inf,7,FALSE,FALSE,FALSE,FALSE,FALSE,FALSE,"education"
"13",55870,55870,"b4848425-7b05-49fd-884f-80a6232446c6","uzo_uwani","enugu","southeast","6.81536198 7.16526653 168.5 5.0","Community primary school nimbo","primary_only","enugu_uzo_uwani",739,"1336537501343.jpg","b4848425-7b05-49fd-884f-80a6232446c6","primary_only","1336537501343.jpg",5,"formal_educ",TRUE,FALSE,1,5,NA,NA,FALSE,FALSE,0,0.916030534351145,FALSE,NA,NA,FALSE,0,FALSE,FALSE,FALSE,FALSE,251,FALSE,FALSE,TRUE,FALSE,8.36666666666667,10.4583333333333,50.2,5,5,TRUE,FALSE,FALSE,FALSE,FALSE,FALSE,"education"
"14",55871,55871,"fe1edafe-bc0b-410b-83ae-3c495fda1bb2","uzo_uwani","enugu","southeast","6.81365645 7.16173029 175.8000030517578 5.0","Comprehensive primary school ugwujoro nimbo","preprimary_and_primary","enugu_uzo_uwani",739,"1336137793067.jpg","fe1edafe-bc0b-410b-83ae-3c495fda1bb2","preprimary_and_primary","1336137793067.jpg",4,"formal_educ",FALSE,FALSE,1,3,619,3.095,FALSE,FALSE,0,2.33333333333333,FALSE,NA,NA,FALSE,0,FALSE,FALSE,FALSE,FALSE,50,TRUE,FALSE,TRUE,FALSE,13.3333333333333,13.3333333333333,50,Inf,3,TRUE,FALSE,FALSE,TRUE,FALSE,FALSE,"education"
"15",55872,55872,"6f1a7270-408b-46d5-9fdd-b4579b1def5a","uzo_uwani","enugu","southeast","6.81250063 7.15843798 183.3000030517578 5.0","Central School Nimbo","primary_only","enugu_uzo_uwani",739,"1336138307201.jpg","6f1a7270-408b-46d5-9fdd-b4579b1def5a","primary_only","1336138307201.jpg",8,"formal_educ",FALSE,FALSE,1,5,NA,NA,FALSE,FALSE,0,0.75,FALSE,FALSE,7,FALSE,NA,FALSE,FALSE,FALSE,FALSE,4,FALSE,FALSE,FALSE,FALSE,9.33333333333333,2.33333333333333,3.5,4,3,NA,FALSE,FALSE,FALSE,FALSE,TRUE,"education"
"16",55873,55873,"df62b536-64e6-4017-a7c5-bcea7cedffcc","uzo_uwani","enugu","southeast","6.78572762 6.94702902 88.0999984741211 5.0","Community pry sch ogrugu","preprimary_and_primary","enugu_uzo_uwani",739,"1336155460001.jpg","df62b536-64e6-4017-a7c5-bcea7cedffcc","preprimary_and_primary","1336155460001.jpg",8,"formal_educ",FALSE,FALSE,4,5,486,1.26233766233766,FALSE,NA,0,0.925,TRUE,TRUE,77,FALSE,5,FALSE,FALSE,FALSE,FALSE,77,FALSE,FALSE,TRUE,FALSE,77,96.25,48.125,Inf,3,FALSE,FALSE,FALSE,FALSE,FALSE,FALSE,"education"
"17",55874,55874,"dc15e850-918d-477a-a92b-574bec04ab84","uzo_uwani","enugu","southeast","6.84075248 7.23494234 340.79998779296875 5.0","Community pry sch ugwuobi Abbi","preprimary_and_primary","enugu_uzo_uwani",739,"1336561413529.jpg","dc15e850-918d-477a-a92b-574bec04ab84","preprimary_and_primary","1336561413529.jpg",6,"formal_educ",FALSE,FALSE,3,4,544,1.97101449275362,TRUE,TRUE,0,2.06666666666667,FALSE,NA,NA,FALSE,3,FALSE,FALSE,FALSE,FALSE,92,FALSE,FALSE,TRUE,FALSE,34.5,27.6,46,6,5,FALSE,FALSE,FALSE,FALSE,FALSE,FALSE,"education"
"18",55875,55875,"34bb5085-eca4-4487-bd5d-8b3849ae0749","uzo_uwani","enugu","southeast","6.49267852306366 7.081729173660278 82.0 4.0","Eziora Primary School Umulokpa","preprimary_and_primary","enugu_uzo_uwani",739,"1336403531012.jpg","34bb5085-eca4-4487-bd5d-8b3849ae0749","preprimary_and_primary","1336403531012.jpg",5,"formal_educ",FALSE,FALSE,2,5,650,1.60891089108911,FALSE,TRUE,0,1.4047619047619,FALSE,NA,NA,FALSE,0,FALSE,FALSE,FALSE,FALSE,202,FALSE,FALSE,TRUE,FALSE,13.4666666666667,5.05,80.8,2.5,1,TRUE,FALSE,FALSE,FALSE,FALSE,FALSE,"education"
"19",55876,55876,"a8afd338-c162-46c1-b859-a22149d2506d","uzo_uwani","enugu","southeast","6.81001603603363 7.2645217180252075 284.0 4.0","Oriental Primary Sch Ugbene Ajima","preprimary_and_primary","enugu_uzo_uwani",739,"1336125331689.jpg","a8afd338-c162-46c1-b859-a22149d2506d","preprimary_and_primary","1336125331689.jpg",7,"formal_educ",FALSE,FALSE,4,6,320,1.19850187265918,FALSE,FALSE,0,1.11904761904762,FALSE,FALSE,89,FALSE,0,FALSE,FALSE,FALSE,FALSE,66.75,FALSE,FALSE,TRUE,FALSE,8.9,5.34,38.1428571428571,Inf,3,TRUE,FALSE,FALSE,FALSE,FALSE,FALSE,"education"
"20",55877,55877,"dfde68ad-cd38-43be-b108-056079ea859e","uzo_uwani","enugu","southeast","6.838597655296326 7.27219820022583 298.0 4.0","Central School Nrobo","preprimary_and_primary","enugu_uzo_uwani",739,"1336049857568.jpg","dfde68ad-cd38-43be-b108-056079ea859e","preprimary_and_primary","1336049857568.jpg",6,"formal_educ",FALSE,FALSE,0,4,375,1.11607142857143,FALSE,FALSE,0,1.01197604790419,FALSE,TRUE,84,FALSE,3,FALSE,FALSE,FALSE,FALSE,48,FALSE,FALSE,TRUE,FALSE,4.8,3.73333333333333,56,Inf,4,FALSE,FALSE,FALSE,FALSE,FALSE,FALSE,"education"
"21",55878,55878,"463923ed-d3ee-495c-888a-29327ce9d05f","uzo_uwani","enugu","southeast","6.50082573 7.09220639 71.69999694824219 5.0","Unity Primary School,Akiyi -Umulokpa","preprimary_and_primary","enugu_uzo_uwani",739,"1336406185684.jpg","463923ed-d3ee-495c-888a-29327ce9d05f","preprimary_and_primary","1336406185684.jpg",12,"formal_educ",FALSE,FALSE,3,10,NA,NA,FALSE,FALSE,0,1.22058823529412,FALSE,NA,NA,FALSE,0,FALSE,FALSE,FALSE,FALSE,43.1428571428571,FALSE,FALSE,TRUE,FALSE,14.3809523809524,10.0666666666667,25.1666666666667,Inf,1,TRUE,FALSE,FALSE,FALSE,FALSE,FALSE,"education"
"22",55879,55879,"e5c0bea0-523f-4f66-b540-7fbc758dc5f0","uzo_uwani","enugu","southeast","6.80968043 7.11279986 124.69999694824219 5.0","Akoro primary school","preprimary_and_primary","enugu_uzo_uwani",739,"1336495670678.jpg","e5c0bea0-523f-4f66-b540-7fbc758dc5f0","preprimary_and_primary","1336495670678.jpg",9,"formal_educ",FALSE,FALSE,4,7,455,6.06666666666667,TRUE,TRUE,0,2.75,FALSE,NA,NA,FALSE,3,FALSE,FALSE,TRUE,FALSE,10.7142857142857,FALSE,FALSE,FALSE,FALSE,10.7142857142857,3.75,8.33333333333333,Inf,7,FALSE,FALSE,FALSE,FALSE,FALSE,FALSE,"education"
"23",55880,55880,"9259a621-48e3-47c3-9b76-cdc57e6247a0","uzo_uwani","enugu","southeast","6.75413364 7.02520883 101.9000015258789 5.0","Uzo-uwani secondary school adani","junior_and_senior_sec","enugu_uzo_uwani",739,"1336143764868.jpg","9259a621-48e3-47c3-9b76-cdc57e6247a0","junior_and_senior_sec","1336143764868.jpg",27,"formal_educ",FALSE,FALSE,10,18,41,0.0980861244019139,FALSE,NA,220,0.706122448979592,FALSE,NA,NA,FALSE,0,FALSE,FALSE,FALSE,FALSE,34.8333333333333,FALSE,FALSE,FALSE,FALSE,11.9428571428571,14.9285714285714,15.4814814814815,Inf,7,FALSE,FALSE,FALSE,FALSE,FALSE,FALSE,"education"
"24",55881,55881,"63a582ba-221b-4040-b06f-a71184b63ca2","uzo_uwani","enugu","southeast","6.8107956 7.25051505 253.60000610351563 5.0","Community Secondary School,Ugbene Ajima","junior_and_senior_sec","enugu_uzo_uwani",739,"1336128144143.jpg","63a582ba-221b-4040-b06f-a71184b63ca2","junior_and_senior_sec","1336128144143.jpg",13,"formal_educ",FALSE,FALSE,0,7,NA,NA,TRUE,NA,1,0.876847290640394,FALSE,NA,NA,FALSE,0,FALSE,FALSE,FALSE,FALSE,63.5,TRUE,FALSE,TRUE,FALSE,11.90625,1.27,29.3076923076923,Inf,0,NA,NA,FALSE,FALSE,TRUE,FALSE,"education"
"25",55882,55882,"6824c46e-3ded-4d4c-84d0-2ed2609b0123","uzo_uwani","enugu","southeast","6.73863089 7.01366976 83.0 5.0","Union primary school adani","preprimary_and_primary","enugu_uzo_uwani",739,"1336145480427.jpg","6824c46e-3ded-4d4c-84d0-2ed2609b0123","preprimary_and_primary","1336145480427.jpg",18,"formal_educ",FALSE,FALSE,3,16,520,1.48571428571429,FALSE,FALSE,60,1.21518987341772,FALSE,NA,NA,FALSE,0,FALSE,FALSE,FALSE,FALSE,43.75,FALSE,FALSE,TRUE,FALSE,7,8.75,19.4444444444444,Inf,15,FALSE,FALSE,FALSE,FALSE,FALSE,FALSE,"education"
"26",55883,55883,"5b72dfe4-1caa-4651-aa83-cee61baabef8","uzo_uwani","enugu","southeast","6.80017816 7.09221948 116.80000305175781 5.0","Community primary school opanda nimbo","preprimary_and_primary","enugu_uzo_uwani",739,"1336139781419.jpg","5b72dfe4-1caa-4651-aa83-cee61baabef8","preprimary_and_primary","1336139781419.jpg",14,"formal_educ",FALSE,FALSE,4,11,NA,NA,FALSE,TRUE,0,1.18032786885246,FALSE,NA,NA,FALSE,2,FALSE,FALSE,FALSE,FALSE,73.8888888888889,FALSE,FALSE,TRUE,TRUE,13.3,7.22826086956522,47.5,Inf,3,TRUE,FALSE,FALSE,FALSE,FALSE,FALSE,"education"
"27",55884,55884,"a3a9edd7-5a17-4e96-846e-736c8ef88802","uzo_uwani","enugu","southeast","6.80964604 7.24426971 257.70001220703125 5.0","Union pry sch","preprimary_and_primary","enugu_uzo_uwani",739,"1336132109259.jpg","a3a9edd7-5a17-4e96-846e-736c8ef88802","preprimary_and_primary","1336132109259.jpg",11,"formal_educ",FALSE,FALSE,7,8,738,3.3393665158371,FALSE,FALSE,38,0.826446280991736,FALSE,NA,NA,FALSE,5,FALSE,FALSE,FALSE,FALSE,31.5714285714286,FALSE,FALSE,FALSE,FALSE,20.0909090909091,15.7857142857143,20.0909090909091,11,9,FALSE,FALSE,FALSE,FALSE,FALSE,TRUE,"education"
"28",55885,55885,"09bcab0f-b537-485f-8618-06e7e337e4b4","uzo_uwani","enugu","southeast","6.51068165 7.09728663 85.5999984741211 5.0","Community primary school Akiyi Umulokpa","preprimary_and_primary","enugu_uzo_uwani",739,"1336399113991.jpg","09bcab0f-b537-485f-8618-06e7e337e4b4","preprimary_and_primary","1336399113991.jpg",8,"formal_educ",FALSE,FALSE,0,8,446,3.68595041322314,FALSE,FALSE,0,0.983606557377049,FALSE,NA,NA,FALSE,4,FALSE,FALSE,FALSE,FALSE,15.125,FALSE,FALSE,TRUE,FALSE,12.1,8.06666666666667,15.125,Inf,2,TRUE,FALSE,FALSE,FALSE,FALSE,FALSE,"education"
"29",55886,55886,"2a495a2c-d153-4ad4-9f3b-c6c7f476d765","uzo_uwani","enugu","southeast","6.50920176 7.12137651 71.69999694824219 5.0","Duu-River Primary School,Amagu-Umulokpa","preprimary_and_primary","enugu_uzo_uwani",739,"1336409083127.jpg","2a495a2c-d153-4ad4-9f3b-c6c7f476d765","preprimary_and_primary","1336409083127.jpg",8,"formal_educ",FALSE,FALSE,2,8,183,2.73134328358209,FALSE,FALSE,0,0.861111111111111,FALSE,TRUE,8.375,FALSE,0,FALSE,FALSE,FALSE,FALSE,11.1666666666667,FALSE,FALSE,TRUE,FALSE,3.72222222222222,5.15384615384615,8.375,Inf,2,TRUE,FALSE,FALSE,FALSE,FALSE,FALSE,"education"
"30",55887,55887,"30efaae6-60a4-468c-89e7-92dea0065fd0","uzo_uwani","enugu","southeast","6.566213965415955 7.1315377950668335 111.0 4.0","Central School Adaba","preprimary_and_primary","enugu_uzo_uwani",739,"1336392732703.jpg","30efaae6-60a4-468c-89e7-92dea0065fd0","preprimary_and_primary","1336392732703.jpg",8,"formal_educ",FALSE,FALSE,0,8,100,0.934579439252336,TRUE,FALSE,0,1.05769230769231,FALSE,NA,NA,FALSE,0,FALSE,FALSE,FALSE,FALSE,35.6666666666667,FALSE,FALSE,TRUE,FALSE,5.35,1.3375,13.375,Inf,4,TRUE,FALSE,FALSE,FALSE,TRUE,FALSE,"education"
"31",55888,55888,"caefd962-6419-49d7-8e4f-57624680aad9","uzo_uwani","enugu","southeast","6.70298522 7.28168435 281.79998779296875 5.0","Community pry sch akpugo","preprimary_and_primary","enugu_uzo_uwani",739,"1336241627033.jpg","caefd962-6419-49d7-8e4f-57624680aad9","preprimary_and_primary","1336241627033.jpg",10,"formal_educ",FALSE,FALSE,1,10,1933,10.6208791208791,FALSE,FALSE,0,0.857142857142857,FALSE,NA,NA,FALSE,2,FALSE,FALSE,FALSE,FALSE,60.6666666666667,FALSE,FALSE,TRUE,FALSE,12.1333333333333,7.58333333333333,18.2,Inf,0,FALSE,FALSE,FALSE,FALSE,FALSE,FALSE,"education"
"32",55889,55889,"dac37595-58ff-477f-aabc-efc06c71f5c3","uzo_uwani","enugu","southeast","6.8031772 7.16774937 237.8000030517578 5.0","Model pry sch owere nimbo","preprimary_and_primary","enugu_uzo_uwani",739,"1336142028094.jpg","dac37595-58ff-477f-aabc-efc06c71f5c3","preprimary_and_primary","1336142028094.jpg",4,"formal_educ",FALSE,FALSE,4,4,110,0.552763819095477,FALSE,FALSE,0,1.09473684210526,FALSE,NA,NA,FALSE,4,FALSE,FALSE,FALSE,FALSE,49.75,FALSE,FALSE,TRUE,FALSE,39.8,24.875,49.75,Inf,0,FALSE,FALSE,FALSE,FALSE,FALSE,FALSE,"education"
"33",55890,55890,"6b329581-de3a-460b-8610-1b2cdf458979","uzo_uwani","enugu","southeast","6.736646890640259 7.014067769050598 68.0 4.0","Central School Adani","preprimary_and_primary","enugu_uzo_uwani",739,"1336144505443.jpg","6b329581-de3a-460b-8610-1b2cdf458979","preprimary_and_primary","1336144505443.jpg",15,"formal_educ",FALSE,FALSE,3,13,895,2.5,FALSE,FALSE,15,0.672897196261682,FALSE,NA,NA,FALSE,0,FALSE,FALSE,FALSE,FALSE,119.333333333333,FALSE,FALSE,FALSE,FALSE,4.475,3.58,23.8666666666667,Inf,15,TRUE,FALSE,FALSE,FALSE,FALSE,FALSE,"education"
"34",55891,55891,"8489ec2b-5de2-4cde-b271-829a64123aec","uzo_uwani","enugu","southeast","6.82874365 7.20882191 194.3000030517578 5.0","Orukwu primary school","preprimary_and_primary","enugu_uzo_uwani",739,"1336065943382.jpg","8489ec2b-5de2-4cde-b271-829a64123aec","preprimary_and_primary","1336065943382.jpg",8,"formal_educ",FALSE,TRUE,5,8,584,2.04195804195804,FALSE,FALSE,0,0.958904109589041,TRUE,TRUE,47.6666666666667,FALSE,5,FALSE,FALSE,FALSE,FALSE,57.2,FALSE,FALSE,TRUE,FALSE,9.53333333333333,9.53333333333333,35.75,Inf,2,TRUE,FALSE,FALSE,FALSE,FALSE,FALSE,"education"
"35",55892,55892,"8fc829ab-7a13-4a63-bca7-e27854fe4100","uzo_uwani","enugu","southeast","6.85055642 7.24689127 353.20001220703125 5.0","Ajona ogbo pry sch","primary_only","enugu_uzo_uwani",739,"1336056826993.jpg","8fc829ab-7a13-4a63-bca7-e27854fe4100","primary_only","1336056826993.jpg",6,"formal_educ",FALSE,FALSE,2,6,NA,NA,FALSE,TRUE,0,0.833333333333333,FALSE,NA,NA,FALSE,0,FALSE,FALSE,FALSE,FALSE,38.5,TRUE,FALSE,TRUE,FALSE,Inf,Inf,12.8333333333333,Inf,1,FALSE,FALSE,FALSE,FALSE,FALSE,FALSE,"education"
"36",55893,55893,"0e0b0462-8710-4969-830b-02c47c51dcac","uzo_uwani","enugu","southeast","6.48579218 7.05550236 78.4000015258789 5.0","Community pry sch ogbosu","preprimary_and_primary","enugu_uzo_uwani",739,"1336406647343.jpg","0e0b0462-8710-4969-830b-02c47c51dcac","preprimary_and_primary","1336406647343.jpg",8,"formal_educ",FALSE,FALSE,4,8,74,0.208450704225352,FALSE,TRUE,0,2.34905660377358,FALSE,NA,NA,FALSE,4,FALSE,FALSE,FALSE,FALSE,88.75,FALSE,FALSE,TRUE,FALSE,44.375,29.5833333333333,44.375,Inf,1,FALSE,FALSE,FALSE,FALSE,FALSE,FALSE,"education"
"37",55894,55894,"f1143a33-fff1-424c-8263-608c212433ad","uzo_uwani","enugu","southeast","6.73718581 7.01281594 72.9000015258789 5.0","Community Primary School,Adani","preprimary_only","enugu_uzo_uwani",739,"1336145407383.jpg","f1143a33-fff1-424c-8263-608c212433ad","preprimary_only","1336145407383.jpg",17,"formal_educ",FALSE,FALSE,2,15,0,0,FALSE,TRUE,0,0.620833333333333,FALSE,TRUE,48.625,FALSE,1,FALSE,FALSE,FALSE,FALSE,97.25,FALSE,FALSE,FALSE,FALSE,2.59333333333333,4.8625,22.8823529411765,Inf,17,FALSE,FALSE,FALSE,FALSE,FALSE,FALSE,"education"
"38",55895,55895,"ad187416-6367-4676-9e5c-85461867e7e1","uzo_uwani","enugu","southeast","6.74301185 7.22233589 357.8999938964844 5.0","Uvuru secondary sch,uvuru
","junior_and_senior_sec","enugu_uzo_uwani",739,"1336235481642.jpg","ad187416-6367-4676-9e5c-85461867e7e1","junior_and_senior_sec","1336235481642.jpg",20,"formal_educ",TRUE,TRUE,6,8,0,0,TRUE,TRUE,5,1.21052631578947,FALSE,NA,NA,FALSE,6,FALSE,FALSE,FALSE,FALSE,70,FALSE,FALSE,TRUE,FALSE,9.33333333333333,9.33333333333333,21,Inf,4,TRUE,FALSE,FALSE,FALSE,FALSE,FALSE,"education"
"39",55896,55896,"2743bb80-a96a-434f-85f0-3f89a677be0d","uzo_uwani","enugu","southeast","6.56793244 7.13006586 136.6999969482422 5.0","Atta memorial high school adaba","juniors_sec_only","enugu_uzo_uwani",739,"1336392300963.jpg","2743bb80-a96a-434f-85f0-3f89a677be0d","juniors_sec_only","1336392300963.jpg",9,"formal_educ",TRUE,FALSE,6,4,0,0,TRUE,FALSE,3,0.727272727272727,FALSE,NA,NA,FALSE,0,FALSE,FALSE,FALSE,FALSE,9.5,FALSE,FALSE,FALSE,FALSE,2.85,3.8,6.33333333333333,1.8,5,FALSE,FALSE,FALSE,FALSE,FALSE,FALSE,"education"
"40",55897,55897,"1493487b-5612-409c-b47b-235d497f8b99","uzo_uwani","enugu","southeast","6.724303364753723 7.198158502578735 256.0 4.0","Unity Primary Sch Ogwu Uvuru","preprimary_and_primary","enugu_uzo_uwani",739,"1336230602173.jpg","1493487b-5612-409c-b47b-235d497f8b99","preprimary_and_primary","1336230602173.jpg",6,"formal_educ",TRUE,FALSE,1,6,227,1.19473684210526,FALSE,TRUE,0,0.979166666666667,FALSE,NA,NA,FALSE,1,FALSE,FALSE,FALSE,FALSE,63.3333333333333,FALSE,FALSE,TRUE,FALSE,6.33333333333333,3.8,31.6666666666667,Inf,6,FALSE,FALSE,FALSE,FALSE,FALSE,FALSE,"education"
"41",55898,55898,"1f984d0b-2c0c-4ed6-9072-bc21158c1dad","uzo_uwani","enugu","southeast","6.7212031 6.94989804 92.80000305175781 5.0","Community primary school iggah","preprimary_and_primary","enugu_uzo_uwani",739,"1336490068631.jpg","1f984d0b-2c0c-4ed6-9072-bc21158c1dad","preprimary_and_primary","1336490068631.jpg",6,"formal_educ",FALSE,FALSE,0,4,556,1.01090909090909,FALSE,FALSE,0,0.890034364261168,FALSE,NA,NA,FALSE,0,FALSE,FALSE,FALSE,FALSE,91.6666666666667,FALSE,FALSE,TRUE,FALSE,13.75,13.75,91.6666666666667,Inf,3,FALSE,FALSE,FALSE,FALSE,FALSE,FALSE,"education"
"42",55899,55899,"04115c07-82b4-4ba9-810f-14ec5c1cc69a","uzo_uwani","enugu","southeast","6.69246889 7.05361419 82.19999694824219 5.0","Farm settlement sch uzo_uwani","preprimary_and_primary","enugu_uzo_uwani",739,"1336492146577.jpg","04115c07-82b4-4ba9-810f-14ec5c1cc69a","preprimary_and_primary","1336492146577.jpg",6,"formal_educ",FALSE,FALSE,6,5,435,1.90789473684211,FALSE,FALSE,0,0.982608695652174,FALSE,NA,NA,FALSE,4,FALSE,FALSE,FALSE,FALSE,38,FALSE,FALSE,TRUE,FALSE,Inf,15.2,38,Inf,6,FALSE,FALSE,FALSE,FALSE,FALSE,FALSE,"education"
"43",55900,55900,"408453db-cdbc-4876-8f6c-2cab98500610","uzo_uwani","enugu","southeast","6.63825298 7.1660928 111.30000305175781 5.0","Model primary school ukpata","preprimary_and_primary","enugu_uzo_uwani",739,"1336386192281.jpg","408453db-cdbc-4876-8f6c-2cab98500610","preprimary_and_primary","1336386192281.jpg",9,"formal_educ",FALSE,FALSE,0,8,463,1.1575,FALSE,FALSE,0,1.08333333333333,FALSE,NA,NA,FALSE,0,TRUE,FALSE,FALSE,FALSE,66.6666666666667,TRUE,FALSE,TRUE,FALSE,13.3333333333333,10,44.4444444444444,Inf,2,TRUE,FALSE,FALSE,FALSE,FALSE,FALSE,"education"
"44",55901,55901,"9d20bf93-b40c-49cc-b91a-f99282396a4e","uzo_uwani","enugu","southeast","6.57703985 7.13135396 126.5999984741211 5.0","Community Primary School,Adaba","preprimary_and_primary","enugu_uzo_uwani",739,"1336391532312.jpg","9d20bf93-b40c-49cc-b91a-f99282396a4e","preprimary_and_primary","1336391532312.jpg",7,"formal_educ",FALSE,FALSE,2,7,NA,NA,TRUE,FALSE,0,1.08510638297872,FALSE,NA,NA,FALSE,0,FALSE,FALSE,FALSE,FALSE,28,FALSE,FALSE,TRUE,FALSE,4.35555555555556,2.8,28,7,2,TRUE,FALSE,FALSE,FALSE,FALSE,FALSE,"education"
"45",55902,55902,"078fe9a7-6576-44e4-928d-bbc24fd08232","uzo_uwani","enugu","southeast","6.72511416 6.94934282 92.0999984741211 5.0","Iggah technical college","junior_and_senior_sec","enugu_uzo_uwani",739,"1336148775447.jpg","078fe9a7-6576-44e4-928d-bbc24fd08232","junior_and_senior_sec","1336148775447.jpg",20,"formal_educ",FALSE,FALSE,0,15,335,0.625,FALSE,FALSE,0,1.0536398467433,TRUE,TRUE,89.3333333333333,TRUE,5,FALSE,FALSE,FALSE,FALSE,44.6666666666667,FALSE,FALSE,FALSE,TRUE,10.72,3.57333333333333,26.8,Inf,5,FALSE,FALSE,FALSE,FALSE,FALSE,FALSE,"education"
"46",55903,55903,"bb5e6285-cc26-45d4-8268-e3d87ddc5de2","uzo_uwani","enugu","southeast","6.800451278686523 7.0918625593185425 105.0 4.0","Union Primary School Opanda Nimbo","preprimary_and_primary","enugu_uzo_uwani",739,"1336494340977.jpg","bb5e6285-cc26-45d4-8268-e3d87ddc5de2","preprimary_and_primary","1336494340977.jpg",7,"formal_educ",FALSE,FALSE,0,5,227,0.597368421052632,TRUE,FALSE,0,2.16666666666667,FALSE,TRUE,76,FALSE,2,FALSE,FALSE,FALSE,FALSE,95,FALSE,FALSE,TRUE,FALSE,12.6666666666667,9.26829268292683,54.2857142857143,Inf,4,FALSE,FALSE,FALSE,FALSE,TRUE,FALSE,"education"
"47",55904,55904,"93264083-d480-44ac-90d1-65ef94d83044","uzo_uwani","enugu","southeast","6.5454429388046265 7.136296033859253 108.0 3.0","Community Pry School Nkume","preprimary_and_primary","enugu_uzo_uwani",739,"1336394935943.jpg","93264083-d480-44ac-90d1-65ef94d83044","preprimary_and_primary","1336394935943.jpg",7,"formal_educ",FALSE,FALSE,0,7,202,0.696551724137931,FALSE,TRUE,0,1.41666666666667,FALSE,NA,NA,FALSE,1,FALSE,FALSE,FALSE,FALSE,96.6666666666667,FALSE,FALSE,FALSE,FALSE,7.25,2.9,41.4285714285714,7,2,TRUE,FALSE,FALSE,FALSE,FALSE,FALSE,"education"
"48",55905,55905,"83114b48-b349-4a8b-a4f9-a415cb6cfdab","uzo_uwani","enugu","southeast","6.81135668 7.21855022 220.6999969482422 5.0","Community Primary School,Ugbene Ajima","preprimary_and_primary","enugu_uzo_uwani",739,"1336021449356.jpg","83114b48-b349-4a8b-a4f9-a415cb6cfdab","preprimary_and_primary","1336021449356.jpg",8,"formal_educ",FALSE,FALSE,6,7,NA,NA,FALSE,FALSE,0,1.1219512195122,FALSE,NA,NA,FALSE,3,FALSE,FALSE,FALSE,FALSE,29,FALSE,FALSE,FALSE,FALSE,5.93181818181818,5.22,32.625,Inf,2,TRUE,FALSE,FALSE,FALSE,FALSE,FALSE,"education"
"49",55906,55906,"b7461fd9-65fa-429d-b1aa-96b7bb16e911","uzo_uwani","enugu","southeast","6.810965538024902 7.219042181968689 213.0 4.0","Model Primary School Ugbene Ajima","preprimary_and_primary","enugu_uzo_uwani",739,"1336064779358.jpg","b7461fd9-65fa-429d-b1aa-96b7bb16e911","preprimary_and_primary","1336064779358.jpg",9,"formal_educ",FALSE,FALSE,2,7,367,1.28321678321678,TRUE,TRUE,0,0.906666666666667,FALSE,NA,NA,FALSE,0,FALSE,FALSE,FALSE,FALSE,143,FALSE,FALSE,TRUE,FALSE,5.72,2.86,31.7777777777778,Inf,3,TRUE,FALSE,FALSE,FALSE,TRUE,TRUE,"education"
"50",55907,55907,"660b6fd8-4cf4-4171-a8c6-3e9438e1748e","uzo_uwani","enugu","southeast","6.8088839 7.24373552 256.6000061035156 5.0","Central school ugbene Ajima","preprimary_only","enugu_uzo_uwani",739,"1336129735792.jpg","660b6fd8-4cf4-4171-a8c6-3e9438e1748e","preprimary_only","1336129735792.jpg",8,"formal_educ",TRUE,FALSE,3,7,0,0,TRUE,FALSE,0,0.816176470588235,FALSE,NA,NA,FALSE,4,FALSE,FALSE,FALSE,FALSE,35.2857142857143,FALSE,FALSE,TRUE,TRUE,0.901459854014598,12.35,30.875,Inf,7,TRUE,FALSE,FALSE,FALSE,TRUE,FALSE,"education"
"51",55908,55908,"afc31a8a-d701-4565-bab8-15bc9dc85a4f","uzo_uwani","enugu","southeast","6.79359388 7.08397259 110.4000015258789 2.0","Welfare secondary school opanda nimbo","junior_and_senior_sec","enugu_uzo_uwani",739,"1336140607426.jpg","afc31a8a-d701-4565-bab8-15bc9dc85a4f","junior_and_senior_sec","1336140607426.jpg",18,"formal_educ",FALSE,FALSE,0,8,25,0.0694444444444444,FALSE,NA,0,0.8,FALSE,NA,NA,FALSE,4,FALSE,FALSE,FALSE,FALSE,45,FALSE,FALSE,FALSE,FALSE,14.4,3.6,20,18,2,FALSE,FALSE,FALSE,FALSE,FALSE,FALSE,"education"
"52",55909,55909,"c9d71877-71f0-4e4e-add8-2e07f13ba2de","uzo_uwani","enugu","southeast","6.7457932233810425 7.212170362472534 326.0 4.0","Community Primary Sch Uvuru","preprimary_and_primary","enugu_uzo_uwani",739,"1336229790548.jpg","c9d71877-71f0-4e4e-add8-2e07f13ba2de","preprimary_and_primary","1336229790548.jpg",9,"formal_educ",FALSE,FALSE,1,7,403,1.43416370106762,FALSE,TRUE,0,0.99290780141844,FALSE,NA,NA,FALSE,2,FALSE,FALSE,FALSE,FALSE,40.1428571428571,FALSE,FALSE,TRUE,FALSE,9.36666666666667,2.00714285714286,31.2222222222222,Inf,0,FALSE,FALSE,FALSE,FALSE,FALSE,TRUE,"education"
"53",55910,55910,"54c48cf8-2e8c-4c36-bd7a-050a814201cb","uzo_uwani","enugu","southeast","6.76979979 7.25286653 292.79998779296875 5.0","central sch nkpologu","preprimary_and_primary","enugu_uzo_uwani",739,"1336224417832.jpg","54c48cf8-2e8c-4c36-bd7a-050a814201cb","preprimary_and_primary","1336224417832.jpg",21,"formal_educ",FALSE,FALSE,1,16,517,0.864548494983278,FALSE,TRUE,352,0.916666666666667,FALSE,NA,NA,FALSE,3,FALSE,FALSE,FALSE,FALSE,85.4285714285714,FALSE,FALSE,FALSE,FALSE,19.9333333333333,29.9,28.4761904761905,Inf,2,FALSE,FALSE,FALSE,FALSE,FALSE,TRUE,"education"
"54",55911,55911,"cc066ff3-ce1a-45fe-851a-2954290dcb72","uzo_uwani","enugu","southeast","6.73723277 7.27161355 234.5 5.0","Adada secondary sch nkpologu","junior_and_senior_sec","enugu_uzo_uwani",739,"1336240658200.jpg","cc066ff3-ce1a-45fe-851a-2954290dcb72","junior_and_senior_sec","1336240658200.jpg",20,"formal_educ",TRUE,FALSE,6,10,0,0,FALSE,TRUE,183,1.859375,FALSE,NA,NA,FALSE,6,FALSE,FALSE,FALSE,FALSE,30.5,FALSE,FALSE,TRUE,TRUE,10.1666666666667,3.05,9.15,20,3,FALSE,FALSE,FALSE,FALSE,FALSE,FALSE,"education"
"55",55912,55912,"8ecef640-4785-4412-ab92-8b163cf9ed07","uzo_uwani","enugu","southeast","6.5099036693573 7.111002802848816 80.0 4.0","Girls Secondary Sch. Umulokpa","junior_and_senior_sec","enugu_uzo_uwani",739,"1336409320360.jpg","8ecef640-4785-4412-ab92-8b163cf9ed07","junior_and_senior_sec","1336409320360.jpg",15,"formal_educ",TRUE,FALSE,2,9,650,2.6,TRUE,NA,0,0,TRUE,FALSE,83.3333333333333,TRUE,3,FALSE,FALSE,TRUE,FALSE,27.7777777777778,FALSE,FALSE,FALSE,FALSE,8.33333333333333,1.92307692307692,16.6666666666667,3.75,5,FALSE,FALSE,FALSE,FALSE,FALSE,TRUE,"education"
"56",55913,55913,"dbf2ba17-930e-47af-bc55-9962762ac379","uzo_uwani","enugu","southeast","6.76632914 7.17290132 287.1000061035156 5.0","Community primary school nkpunator","primary_only","enugu_uzo_uwani",739,"1336224791355.jpg","dbf2ba17-930e-47af-bc55-9962762ac379","primary_only","1336224791355.jpg",9,"formal_educ",FALSE,FALSE,5,7,NA,NA,FALSE,FALSE,0,0.747619047619048,FALSE,NA,NA,FALSE,0,FALSE,FALSE,FALSE,FALSE,40.7777777777778,TRUE,FALSE,FALSE,FALSE,14.68,12.2333333333333,40.7777777777778,Inf,2,FALSE,FALSE,FALSE,FALSE,FALSE,FALSE,"education"
"57",55914,55914,"c52b32db-f117-4d8c-922f-0e8b213886b2","uzo_uwani","enugu","southeast","6.58391103 7.13497721 107.0999984741211 5.0","Immaculate Heart of mary nursery primary and secondary school Adaba","primary_junior_and_senior_sec","enugu_uzo_uwani",739,"1336390958525.jpg","c52b32db-f117-4d8c-922f-0e8b213886b2","primary_junior_and_senior_sec","1336390958525.jpg",30,"formal_educ",FALSE,FALSE,0,13,132,0.33,TRUE,NA,20,1.25988700564972,FALSE,NA,NA,FALSE,0,FALSE,TRUE,FALSE,FALSE,26.6666666666667,FALSE,FALSE,FALSE,FALSE,8,8,13.3333333333333,15,4,FALSE,FALSE,FALSE,FALSE,TRUE,TRUE,"education"
"58",55915,55915,"1ca7961a-024d-49ce-a863-92619ef45201","uzo_uwani","enugu","southeast","6.73248711 6.96703234 60.5 5.0","Inland Primary School,Okogbu Ojor","preprimary_and_primary","enugu_uzo_uwani",739,"1336152904310.jpg","1ca7961a-024d-49ce-a863-92619ef45201","preprimary_and_primary","1336152904310.jpg",5,"formal_educ",FALSE,FALSE,2,5,NA,NA,FALSE,FALSE,0,1.10810810810811,FALSE,NA,NA,FALSE,0,FALSE,FALSE,FALSE,FALSE,13,FALSE,FALSE,TRUE,FALSE,5.2,0.78,15.6,Inf,3,FALSE,FALSE,FALSE,FALSE,FALSE,FALSE,"education"
"59",55916,55916,"c3bfbf29-8fd1-41e1-bd58-20cbd198d7e9","uzo_uwani","enugu","southeast","6.8302881717681885 7.174898386001587 172.0 4.0","Unity Primary School Enugu Nimbo","preprimary_and_primary","enugu_uzo_uwani",739,"1336136210955.jpg","c3bfbf29-8fd1-41e1-bd58-20cbd198d7e9","preprimary_and_primary","1336136210955.jpg",7,"formal_educ",FALSE,FALSE,0,7,620,2.54098360655738,FALSE,FALSE,0,1.71111111111111,TRUE,FALSE,81.3333333333333,FALSE,5,FALSE,FALSE,FALSE,FALSE,48.8,FALSE,FALSE,TRUE,FALSE,6.1,2.71111111111111,34.8571428571429,Inf,2,TRUE,FALSE,FALSE,FALSE,FALSE,TRUE,"education"
"60",55917,55917,"5086e324-143e-44b6-917a-b06e1dab075a","uzo_uwani","enugu","southeast","6.519280672073364 7.077764868736267 86.0 4.0","Community Pry Sch Awkunitor Umulokpa","preprimary_and_primary","enugu_uzo_uwani",739,"1336402205212.jpg","5086e324-143e-44b6-917a-b06e1dab075a","preprimary_and_primary","1336402205212.jpg",6,"formal_educ",FALSE,FALSE,2,5,677,2.24172185430464,FALSE,TRUE,0,1.43548387096774,FALSE,NA,NA,FALSE,0,FALSE,FALSE,FALSE,FALSE,151,FALSE,FALSE,TRUE,FALSE,7.55,5.03333333333333,50.3333333333333,Inf,0,TRUE,FALSE,FALSE,FALSE,FALSE,FALSE,"education"
"61",55918,55918,"e32a7ba6-3f73-4fe3-bb84-144679b9a661","uzo_uwani","enugu","southeast","6.577886939048767 7.131698727607727 122.0 6.0","ST Joseph College Adaba","junior_and_senior_sec","enugu_uzo_uwani",739,"1336391365751.jpg","e32a7ba6-3f73-4fe3-bb84-144679b9a661","junior_and_senior_sec","1336391365751.jpg",13,"religious_with_formal",TRUE,TRUE,0,3,138,0.811764705882353,TRUE,NA,30,0.888888888888889,TRUE,FALSE,85,FALSE,0,TRUE,FALSE,TRUE,FALSE,28.3333333333333,FALSE,FALSE,FALSE,TRUE,8.5,2.125,13.0769230769231,Inf,0,FALSE,FALSE,FALSE,FALSE,TRUE,FALSE,"education"
"62",55919,55919,"78cf6493-559d-415a-bd6f-84d2188ac241","uzo_uwani","enugu","southeast","6.786224842071533 6.949217319488525 67.0 4.0","Onoja  Primary School Ogrugu","preprimary_and_primary","enugu_uzo_uwani",739,"1336148808222.jpg","78cf6493-559d-415a-bd6f-84d2188ac241","preprimary_and_primary","1336148808222.jpg",6,"formal_educ",FALSE,TRUE,4,4,340,0.682730923694779,FALSE,FALSE,0,0.893536121673004,TRUE,TRUE,99.6,FALSE,0,FALSE,FALSE,FALSE,FALSE,62.25,FALSE,FALSE,TRUE,FALSE,4.98,2.21333333333333,83,Inf,3,FALSE,FALSE,FALSE,FALSE,FALSE,FALSE,"education"
"63",55920,55920,"3c840cfe-2026-4bde-8c67-9587c86ea007","uzo_uwani","enugu","southeast","6.8410796 7.29105859 340.70001220703125 5.0","Community high school nrobo","junior_and_senior_sec","enugu_uzo_uwani",739,"1336045618456.jpg","3c840cfe-2026-4bde-8c67-9587c86ea007","junior_and_senior_sec","1336045618456.jpg",25,"formal_educ",FALSE,FALSE,8,10,1040,2.24622030237581,TRUE,FALSE,0,1.004329004329,FALSE,NA,NA,FALSE,4,FALSE,FALSE,FALSE,FALSE,30.8666666666667,FALSE,FALSE,FALSE,FALSE,1.72761194029851,1.72761194029851,18.52,25,6,TRUE,FALSE,FALSE,FALSE,TRUE,TRUE,"education"
"64",55921,55921,"a68e7ab8-c370-44a7-a12e-e6c07a7138fe","uzo_uwani","enugu","southeast","6.80336906 7.15282932 223.0 5.0","Premier pry sch ukpabi nimbo","preprimary_and_primary","enugu_uzo_uwani",739,"1336142531791.jpg","a68e7ab8-c370-44a7-a12e-e6c07a7138fe","preprimary_and_primary","1336142531791.jpg",9,"formal_educ",FALSE,FALSE,4,9,649,1.78787878787879,TRUE,FALSE,0,0.861538461538462,FALSE,NA,NA,FALSE,3,FALSE,FALSE,FALSE,FALSE,90.75,FALSE,FALSE,TRUE,FALSE,45.375,Inf,40.3333333333333,Inf,3,FALSE,FALSE,FALSE,FALSE,FALSE,FALSE,"education"
"65",55922,55922,"d3a670de-172d-4a87-a099-fffe96595c15","uzo_uwani","enugu","southeast","6.82531186 7.27965102 405.8999938964844 5.0","Hilltop primary school nrobo","preprimary_and_primary","enugu_uzo_uwani",739,"1336543189768.jpg","d3a670de-172d-4a87-a099-fffe96595c15","preprimary_and_primary","1336543189768.jpg",7,"formal_educ",FALSE,FALSE,8,7,1990,9.56730769230769,TRUE,FALSE,0,0.890909090909091,FALSE,NA,NA,FALSE,0,FALSE,FALSE,FALSE,FALSE,26,FALSE,FALSE,FALSE,FALSE,13.8666666666667,10.4,29.7142857142857,7,3,FALSE,FALSE,FALSE,FALSE,TRUE,FALSE,"education"
"66",55923,55923,"ad25493d-55a6-4c2e-95b0-9aa54cd604b7","uzo_uwani","enugu","southeast","6.5114655 7.09845404 93.9000015258789 5.0","Central school umulopka","preprimary_and_primary","enugu_uzo_uwani",739,"1336398843991.jpg","ad25493d-55a6-4c2e-95b0-9aa54cd604b7","preprimary_and_primary","1336398843991.jpg",9,"formal_educ",FALSE,FALSE,2,8,NA,NA,FALSE,FALSE,0,0.605882352941176,FALSE,NA,NA,FALSE,0,FALSE,FALSE,FALSE,FALSE,91,FALSE,FALSE,TRUE,FALSE,13.65,13.65,60.6666666666667,Inf,2,TRUE,FALSE,FALSE,FALSE,FALSE,FALSE,"education"
"67",55924,55924,"843ddf6e-3ca3-40de-876f-c60ce7ccbfa7","uzo_uwani","enugu","southeast","6.74526201 7.20165018 304.1000061035156 5.0","Maryland pry sch ovuru","preprimary_and_primary","enugu_uzo_uwani",739,"1336233667303.jpg","843ddf6e-3ca3-40de-876f-c60ce7ccbfa7","preprimary_and_primary","1336233667303.jpg",8,"formal_educ",FALSE,FALSE,1,6,430,1.22857142857143,FALSE,FALSE,40,0.944444444444444,FALSE,NA,NA,FALSE,0,FALSE,FALSE,FALSE,FALSE,87.5,FALSE,FALSE,TRUE,FALSE,43.75,17.5,43.75,Inf,8,FALSE,FALSE,FALSE,FALSE,FALSE,TRUE,"education"
"68",55925,55925,"179d96f1-517c-492e-b4ee-176823349389","uzo_uwani","enugu","southeast","6.63566337 7.16564491 136.39999389648438 5.0","Community secondary school ukpata","junior_and_senior_sec","enugu_uzo_uwani",739,"1336387126869.jpg","179d96f1-517c-492e-b4ee-176823349389","junior_and_senior_sec","1336387126869.jpg",20,"formal_educ",TRUE,FALSE,0,10,25,0.104602510460251,FALSE,TRUE,0,1.27619047619048,FALSE,NA,NA,FALSE,5,FALSE,FALSE,FALSE,FALSE,47.8,TRUE,FALSE,FALSE,TRUE,9.56,11.95,11.95,Inf,0,FALSE,FALSE,FALSE,FALSE,FALSE,FALSE,"education"
"69",55926,55926,"4e2ff377-b368-4e6b-a457-61287f0bf66f","uzo_uwani","enugu","southeast","6.75165554 6.94290264 64.0999984741211 5.0","Community Primary School,Ojor","preprimary_and_primary","enugu_uzo_uwani",739,"1336151472649.jpg","4e2ff377-b368-4e6b-a457-61287f0bf66f","preprimary_and_primary","1336151472649.jpg",7,"formal_educ",FALSE,FALSE,1,7,NA,NA,FALSE,FALSE,0,0.988372093023256,FALSE,NA,NA,FALSE,1,FALSE,FALSE,FALSE,FALSE,68.4,FALSE,FALSE,TRUE,FALSE,7.6,3.42,48.8571428571429,Inf,6,FALSE,FALSE,FALSE,FALSE,FALSE,FALSE,"education"
"70",55927,55927,"80f8ca76-d80f-409c-bc57-50bcadee9b11","uzo_uwani","enugu","southeast","6.76455372 6.96567709 66.19999694824219 5.0","Community secondary sch. Ogurugu","junior_and_senior_sec","enugu_uzo_uwani",739,"1336156410770.jpg","80f8ca76-d80f-409c-bc57-50bcadee9b11","junior_and_senior_sec","1336156410770.jpg",20,"formal_educ",TRUE,FALSE,2,4,18,0.05,TRUE,TRUE,20,0.764705882352941,FALSE,NA,NA,FALSE,4,FALSE,FALSE,FALSE,FALSE,45,FALSE,FALSE,FALSE,FALSE,36,4.5,18,10,11,FALSE,FALSE,FALSE,FALSE,TRUE,FALSE,"education"
"71",55928,55928,"1cc15fe5-db69-43dc-8399-2ab07fca8bab","uzo_uwani","enugu","southeast","6.82381359 7.20828441 200.10000610351563 5.0","Community secondary school abbi/ugbene","junior_and_senior_sec","enugu_uzo_uwani",739,"1336064091120.jpg","1cc15fe5-db69-43dc-8399-2ab07fca8bab","junior_and_senior_sec","1336064091120.jpg",27,"formal_educ",FALSE,FALSE,0,10,80,0.133111480865225,FALSE,NA,0,0.821212121212121,FALSE,NA,NA,FALSE,5,FALSE,FALSE,FALSE,FALSE,40.0666666666667,FALSE,FALSE,FALSE,FALSE,12.02,12.02,22.2592592592593,27,4,FALSE,FALSE,FALSE,FALSE,TRUE,FALSE,"education"
"72",55929,55929,"1ed80c9e-8592-4ba5-a710-2b10918b3714","uzo_uwani","enugu","southeast","6.72492414 6.98265431 47.20000076293945 5.0","Central school asaba","primary_only","enugu_uzo_uwani",739,"1336147615439.jpg","1ed80c9e-8592-4ba5-a710-2b10918b3714","primary_only","1336147615439.jpg",8,"formal_educ",FALSE,FALSE,3,8,NA,NA,TRUE,FALSE,0,0.844827586206897,FALSE,NA,NA,FALSE,0,FALSE,FALSE,FALSE,FALSE,53.5,FALSE,FALSE,TRUE,FALSE,14.2666666666667,14.2666666666667,26.75,Inf,8,FALSE,FALSE,FALSE,FALSE,FALSE,FALSE,"education"
